ID,ACCOUNT_NUMS,START_DATE,JOB_TYPE,NAME_PREFIX
9809,82277306,Sat Nov 23 2024 04:30:05 GMT-0400 (Atlantic Standard Time),Designer,Miss
4995,89637596,Sat Nov 23 2024 15:18:08 GMT-0400 (Atlantic Standard Time),Developer,Mrs.
9340,2271727,Sat Nov 23 2024 01:19:15 GMT-0400 (Atlantic Standard Time),Planner,Mr.
8722,12078172,Sat Nov 23 2024 02:30:08 GMT-0400 (Atlantic Standard Time),Officer,Dr.
2427,32900248,Sat Nov 23 2024 23:55:34 GMT-0400 (Atlantic Standard Time),Architect,Miss
3159,21664406,Sat Nov 23 2024 16:20:26 GMT-0400 (Atlantic Standard Time),Designer,Mrs.
7267,46490462,Sat Nov 23 2024 20:57:21 GMT-0400 (Atlantic Standard Time),Administrator,Mrs.
7797,15558750,Sat Nov 23 2024 17:41:00 GMT-0400 (Atlantic Standard Time),Engineer,Mrs.
8616,79641658,Sat Nov 23 2024 12:58:04 GMT-0400 (Atlantic Standard Time),Liaison,Mrs.
7324,79435653,Sat Nov 23 2024 03:49:37 GMT-0400 (Atlantic Standard Time),Manager,Ms.
2280,39327362,Sat Nov 23 2024 07:13:11 GMT-0400 (Atlantic Standard Time),Executive,Dr.
2976,55807411,Sat Nov 23 2024 06:57:42 GMT-0400 (Atlantic Standard Time),Associate,Ms.
8160,94889918,Sat Nov 23 2024 14:02:56 GMT-0400 (Atlantic Standard Time),Producer,Mr.
1585,27342060,Sat Nov 23 2024 05:07:56 GMT-0400 (Atlantic Standard Time),Strategist,Ms.
1149,1268048,Sat Nov 23 2024 18:03:16 GMT-0400 (Atlantic Standard Time),Manager,Dr.
4551,95122786,Sat Nov 23 2024 16:11:37 GMT-0400 (Atlantic Standard Time),Technician,Mrs.
7713,46022230,Sat Nov 23 2024 01:54:16 GMT-0400 (Atlantic Standard Time),Technician,Mr.
755,54916114,Sat Nov 23 2024 10:32:58 GMT-0400 (Atlantic Standard Time),Designer,Miss
2565,92209725,Sat Nov 23 2024 07:13:39 GMT-0400 (Atlantic Standard Time),Facilitator,Ms.
9620,25564,Sat Nov 23 2024 23:07:38 GMT-0400 (Atlantic Standard Time),Strategist,Ms.
1312,86859683,Sat Nov 23 2024 22:13:39 GMT-0400 (Atlantic Standard Time),Officer,Dr.
3098,47190686,Sat Nov 23 2024 09:52:48 GMT-0400 (Atlantic Standard Time),Designer,Mrs.
3145,82747371,Sat Nov 23 2024 03:36:16 GMT-0400 (Atlantic Standard Time),Orchestrator,Mrs.
7732,87026090,Sun Nov 24 2024 00:55:52 GMT-0400 (Atlantic Standard Time),Coordinator,Miss
5003,96690911,Sat Nov 23 2024 13:36:50 GMT-0400 (Atlantic Standard Time),Consultant,Dr.
4716,7134527,Sat Nov 23 2024 20:05:40 GMT-0400 (Atlantic Standard Time),Assistant,Dr.
9046,29083518,Sat Nov 23 2024 17:48:00 GMT-0400 (Atlantic Standard Time),Coordinator,Dr.
446,4796611,Sat Nov 23 2024 04:31:30 GMT-0400 (Atlantic Standard Time),Strategist,Ms.
1722,66781191,Sat Nov 23 2024 13:03:57 GMT-0400 (Atlantic Standard Time),Supervisor,Mrs.
5315,4818215,Sat Nov 23 2024 06:52:39 GMT-0400 (Atlantic Standard Time),Executive,Ms.
6448,55054362,Sat Nov 23 2024 20:27:59 GMT-0400 (Atlantic Standard Time),Engineer,Miss
4000,78139126,Sat Nov 23 2024 09:55:15 GMT-0400 (Atlantic Standard Time),Executive,Mrs.
3868,35720612,Sat Nov 23 2024 20:35:05 GMT-0400 (Atlantic Standard Time),Architect,Miss
8355,63641537,Sat Nov 23 2024 01:35:41 GMT-0400 (Atlantic Standard Time),Consultant,Miss
1062,66970126,Sat Nov 23 2024 05:54:28 GMT-0400 (Atlantic Standard Time),Associate,Mrs.
9095,2092206,Sat Nov 23 2024 20:44:03 GMT-0400 (Atlantic Standard Time),Strategist,Dr.
1451,51352976,Sat Nov 23 2024 09:08:04 GMT-0400 (Atlantic Standard Time),Consultant,Miss
2629,6582043,Sat Nov 23 2024 08:47:37 GMT-0400 (Atlantic Standard Time),Agent,Mrs.
8860,41113086,Sat Nov 23 2024 17:13:25 GMT-0400 (Atlantic Standard Time),Liaison,Miss
7663,22248446,Sat Nov 23 2024 02:16:07 GMT-0400 (Atlantic Standard Time),Producer,Ms.
9548,37962947,Sat Nov 23 2024 20:55:04 GMT-0400 (Atlantic Standard Time),Strategist,Mr.
6797,93146234,Sat Nov 23 2024 03:35:56 GMT-0400 (Atlantic Standard Time),Executive,Mrs.
1075,27548495,Sat Nov 23 2024 12:17:38 GMT-0400 (Atlantic Standard Time),Officer,Miss
7914,61977377,Sat Nov 23 2024 20:52:31 GMT-0400 (Atlantic Standard Time),Manager,Mr.
5210,35920059,Sun Nov 24 2024 01:00:29 GMT-0400 (Atlantic Standard Time),Engineer,Dr.
2134,73309550,Sat Nov 23 2024 21:25:51 GMT-0400 (Atlantic Standard Time),Planner,Mr.
5673,91415966,Sat Nov 23 2024 18:30:39 GMT-0400 (Atlantic Standard Time),Planner,Dr.
3173,31641697,Sat Nov 23 2024 16:43:37 GMT-0400 (Atlantic Standard Time),Specialist,Dr.
7982,89199818,Sat Nov 23 2024 08:30:07 GMT-0400 (Atlantic Standard Time),Supervisor,Mrs.
5492,12111445,Sat Nov 23 2024 15:01:53 GMT-0400 (Atlantic Standard Time),Orchestrator,Ms.
3714,49527671,Sat Nov 23 2024 07:38:14 GMT-0400 (Atlantic Standard Time),Orchestrator,Miss
9654,76168463,Sat Nov 23 2024 13:44:42 GMT-0400 (Atlantic Standard Time),Representative,Dr.
6273,77682070,Sat Nov 23 2024 20:12:02 GMT-0400 (Atlantic Standard Time),Technician,Mrs.
5404,28794636,Sat Nov 23 2024 14:54:36 GMT-0400 (Atlantic Standard Time),Technician,Mr.
2673,20696961,Sat Nov 23 2024 10:47:03 GMT-0400 (Atlantic Standard Time),Consultant,Ms.
4772,75595914,Sat Nov 23 2024 15:05:28 GMT-0400 (Atlantic Standard Time),Developer,Mr.
7445,8644740,Sat Nov 23 2024 10:47:13 GMT-0400 (Atlantic Standard Time),Designer,Dr.
7257,47689241,Sat Nov 23 2024 04:09:50 GMT-0400 (Atlantic Standard Time),Specialist,Mrs.
2813,58900031,Sat Nov 23 2024 13:32:38 GMT-0400 (Atlantic Standard Time),Strategist,Miss
6615,76599265,Sun Nov 24 2024 00:47:50 GMT-0400 (Atlantic Standard Time),Supervisor,Miss
3065,73930866,Sat Nov 23 2024 05:41:18 GMT-0400 (Atlantic Standard Time),Technician,Dr.
6014,4275683,Sat Nov 23 2024 02:37:01 GMT-0400 (Atlantic Standard Time),Producer,Mr.
7780,86405762,Sat Nov 23 2024 03:51:15 GMT-0400 (Atlantic Standard Time),Officer,Ms.
7488,17176999,Sat Nov 23 2024 16:30:57 GMT-0400 (Atlantic Standard Time),Director,Miss
7626,20272872,Sat Nov 23 2024 12:58:22 GMT-0400 (Atlantic Standard Time),Developer,Ms.
9843,12248568,Sat Nov 23 2024 13:07:43 GMT-0400 (Atlantic Standard Time),Assistant,Ms.
1182,23008114,Sat Nov 23 2024 12:54:56 GMT-0400 (Atlantic Standard Time),Manager,Mrs.
1488,69748434,Sat Nov 23 2024 16:34:35 GMT-0400 (Atlantic Standard Time),Director,Mr.
59,67260100,Sat Nov 23 2024 01:23:55 GMT-0400 (Atlantic Standard Time),Director,Mrs.
7870,38315982,Sat Nov 23 2024 13:23:44 GMT-0400 (Atlantic Standard Time),Manager,Mr.
2619,80347839,Sat Nov 23 2024 23:55:43 GMT-0400 (Atlantic Standard Time),Strategist,Dr.
2877,31872261,Sat Nov 23 2024 09:30:38 GMT-0400 (Atlantic Standard Time),Representative,Ms.
2136,72510858,Sat Nov 23 2024 13:14:30 GMT-0400 (Atlantic Standard Time),Agent,Ms.
7034,72064052,Sat Nov 23 2024 23:42:00 GMT-0400 (Atlantic Standard Time),Director,Mrs.
4015,75695070,Sat Nov 23 2024 18:15:40 GMT-0400 (Atlantic Standard Time),Assistant,Mrs.
4109,51640053,Sat Nov 23 2024 02:40:40 GMT-0400 (Atlantic Standard Time),Director,Dr.
2581,73524518,Sat Nov 23 2024 05:26:56 GMT-0400 (Atlantic Standard Time),Architect,Mr.
8599,99678245,Sat Nov 23 2024 09:16:50 GMT-0400 (Atlantic Standard Time),Manager,Ms.
9928,81161134,Sat Nov 23 2024 21:08:14 GMT-0400 (Atlantic Standard Time),Planner,Ms.
2035,79972290,Sat Nov 23 2024 05:29:40 GMT-0400 (Atlantic Standard Time),Orchestrator,Miss
7822,54307385,Sat Nov 23 2024 18:26:41 GMT-0400 (Atlantic Standard Time),Consultant,Miss
8376,51453032,Sat Nov 23 2024 02:30:44 GMT-0400 (Atlantic Standard Time),Designer,Dr.
6997,37015117,Sat Nov 23 2024 05:29:03 GMT-0400 (Atlantic Standard Time),Producer,Mr.
6548,16768744,Sat Nov 23 2024 16:43:52 GMT-0400 (Atlantic Standard Time),Strategist,Dr.
3353,14033092,Sat Nov 23 2024 04:49:56 GMT-0400 (Atlantic Standard Time),Officer,Dr.
6235,82448314,Sat Nov 23 2024 13:43:17 GMT-0400 (Atlantic Standard Time),Orchestrator,Mrs.
7580,47552690,Sat Nov 23 2024 02:29:09 GMT-0400 (Atlantic Standard Time),Liaison,Mr.
2489,55041850,Sat Nov 23 2024 12:10:53 GMT-0400 (Atlantic Standard Time),Designer,Ms.
7274,81271248,Sat Nov 23 2024 21:41:19 GMT-0400 (Atlantic Standard Time),Orchestrator,Mr.
564,52237424,Sat Nov 23 2024 12:45:39 GMT-0400 (Atlantic Standard Time),Facilitator,Mr.
3944,74600219,Sat Nov 23 2024 13:18:52 GMT-0400 (Atlantic Standard Time),Developer,Miss
4988,66742714,Sat Nov 23 2024 05:32:03 GMT-0400 (Atlantic Standard Time),Executive,Ms.
9454,65815793,Sat Nov 23 2024 17:13:05 GMT-0400 (Atlantic Standard Time),Specialist,Ms.
43,55317560,Sat Nov 23 2024 19:30:30 GMT-0400 (Atlantic Standard Time),Developer,Ms.
2903,11431749,Sat Nov 23 2024 22:08:35 GMT-0400 (Atlantic Standard Time),Strategist,Ms.
6729,33054442,Sun Nov 24 2024 01:02:48 GMT-0400 (Atlantic Standard Time),Planner,Mrs.
3230,44240751,Sat Nov 23 2024 21:11:17 GMT-0400 (Atlantic Standard Time),Technician,Mr.
7707,16672778,Sat Nov 23 2024 19:54:43 GMT-0400 (Atlantic Standard Time),Designer,Mr.
5442,60516329,Sat Nov 23 2024 01:23:36 GMT-0400 (Atlantic Standard Time),Orchestrator,Mrs.
6367,68040670,Sat Nov 23 2024 04:22:28 GMT-0400 (Atlantic Standard Time),Administrator,Miss
7234,37882403,Sat Nov 23 2024 06:40:41 GMT-0400 (Atlantic Standard Time),Officer,Ms.
9469,21374194,Sat Nov 23 2024 02:08:36 GMT-0400 (Atlantic Standard Time),Agent,Mrs.
4804,13176462,Sat Nov 23 2024 13:53:55 GMT-0400 (Atlantic Standard Time),Associate,Mrs.
2949,72346484,Sat Nov 23 2024 19:13:22 GMT-0400 (Atlantic Standard Time),Designer,Mr.
9561,49634975,Sat Nov 23 2024 01:22:10 GMT-0400 (Atlantic Standard Time),Manager,Ms.
2086,63308876,Sat Nov 23 2024 04:19:02 GMT-0400 (Atlantic Standard Time),Orchestrator,Mrs.
385,79561460,Sat Nov 23 2024 23:04:10 GMT-0400 (Atlantic Standard Time),Strategist,Miss
1831,77887499,Sun Nov 24 2024 00:25:34 GMT-0400 (Atlantic Standard Time),Analyst,Miss
3293,45381600,Sat Nov 23 2024 04:05:45 GMT-0400 (Atlantic Standard Time),Manager,Miss
3093,21363606,Sat Nov 23 2024 10:54:34 GMT-0400 (Atlantic Standard Time),Producer,Mr.
6701,27705750,Sat Nov 23 2024 04:10:03 GMT-0400 (Atlantic Standard Time),Manager,Miss
7250,97217909,Sat Nov 23 2024 05:37:28 GMT-0400 (Atlantic Standard Time),Executive,Miss
1150,18292307,Sat Nov 23 2024 11:39:23 GMT-0400 (Atlantic Standard Time),Planner,Mr.
6343,50702928,Sat Nov 23 2024 20:18:28 GMT-0400 (Atlantic Standard Time),Agent,Miss
1141,20533424,Sat Nov 23 2024 09:30:51 GMT-0400 (Atlantic Standard Time),Executive,Ms.
5757,30446177,Sat Nov 23 2024 17:16:00 GMT-0400 (Atlantic Standard Time),Specialist,Dr.
6130,41136689,Sun Nov 24 2024 00:25:04 GMT-0400 (Atlantic Standard Time),Assistant,Dr.
3716,73151718,Sun Nov 24 2024 00:54:35 GMT-0400 (Atlantic Standard Time),Orchestrator,Mr.
5299,79853476,Sat Nov 23 2024 15:18:52 GMT-0400 (Atlantic Standard Time),Consultant,Miss
4558,28248927,Sat Nov 23 2024 12:42:32 GMT-0400 (Atlantic Standard Time),Technician,Dr.
3509,97222580,Sat Nov 23 2024 08:21:33 GMT-0400 (Atlantic Standard Time),Associate,Mr.
3123,34175369,Sat Nov 23 2024 12:58:50 GMT-0400 (Atlantic Standard Time),Designer,Mrs.
6837,3681707,Sat Nov 23 2024 19:17:27 GMT-0400 (Atlantic Standard Time),Officer,Miss
4756,94703657,Sat Nov 23 2024 22:52:24 GMT-0400 (Atlantic Standard Time),Producer,Miss
8548,89561535,Sun Nov 24 2024 00:55:53 GMT-0400 (Atlantic Standard Time),Manager,Mr.
5920,99433599,Sat Nov 23 2024 06:31:13 GMT-0400 (Atlantic Standard Time),Strategist,Dr.
4628,53618225,Sat Nov 23 2024 23:38:04 GMT-0400 (Atlantic Standard Time),Director,Mr.
3927,72288572,Sat Nov 23 2024 12:36:35 GMT-0400 (Atlantic Standard Time),Architect,Mr.
201,1875352,Sat Nov 23 2024 11:16:43 GMT-0400 (Atlantic Standard Time),Specialist,Ms.
4660,61408283,Sat Nov 23 2024 06:21:39 GMT-0400 (Atlantic Standard Time),Planner,Miss
5030,92950842,Sat Nov 23 2024 20:39:01 GMT-0400 (Atlantic Standard Time),Officer,Ms.
9374,88521953,Sat Nov 23 2024 10:38:12 GMT-0400 (Atlantic Standard Time),Administrator,Mr.
5281,90352145,Sat Nov 23 2024 15:50:09 GMT-0400 (Atlantic Standard Time),Facilitator,Dr.
9400,50456637,Sat Nov 23 2024 22:11:23 GMT-0400 (Atlantic Standard Time),Producer,Miss
4981,84718047,Sat Nov 23 2024 06:40:19 GMT-0400 (Atlantic Standard Time),Officer,Miss
2076,41384079,Sat Nov 23 2024 20:24:18 GMT-0400 (Atlantic Standard Time),Officer,Dr.
8504,98072495,Sat Nov 23 2024 09:03:42 GMT-0400 (Atlantic Standard Time),Associate,Ms.
8053,79016601,Sat Nov 23 2024 02:46:49 GMT-0400 (Atlantic Standard Time),Consultant,Miss
6287,93589209,Sat Nov 23 2024 09:00:40 GMT-0400 (Atlantic Standard Time),Producer,Mr.
2628,40831462,Sat Nov 23 2024 05:50:43 GMT-0400 (Atlantic Standard Time),Associate,Miss
4841,50554022,Sat Nov 23 2024 09:49:26 GMT-0400 (Atlantic Standard Time),Officer,Dr.
9224,21584927,Sat Nov 23 2024 17:07:01 GMT-0400 (Atlantic Standard Time),Supervisor,Ms.
751,96522302,Sat Nov 23 2024 20:12:54 GMT-0400 (Atlantic Standard Time),Architect,Mr.
453,77975245,Sat Nov 23 2024 07:26:16 GMT-0400 (Atlantic Standard Time),Supervisor,Ms.
1564,48539697,Sat Nov 23 2024 06:35:02 GMT-0400 (Atlantic Standard Time),Strategist,Dr.
9885,6632842,Sat Nov 23 2024 02:59:12 GMT-0400 (Atlantic Standard Time),Liaison,Mrs.
3465,7208027,Sat Nov 23 2024 20:45:57 GMT-0400 (Atlantic Standard Time),Architect,Mr.
6910,41122424,Sat Nov 23 2024 06:43:13 GMT-0400 (Atlantic Standard Time),Technician,Miss
5660,85442385,Sat Nov 23 2024 13:06:15 GMT-0400 (Atlantic Standard Time),Administrator,Mrs.
2446,96332777,Sat Nov 23 2024 17:37:01 GMT-0400 (Atlantic Standard Time),Designer,Ms.
5549,66521780,Sat Nov 23 2024 17:01:48 GMT-0400 (Atlantic Standard Time),Director,Miss
9953,2303699,Sat Nov 23 2024 19:07:34 GMT-0400 (Atlantic Standard Time),Manager,Ms.
5141,16889792,Sat Nov 23 2024 02:21:48 GMT-0400 (Atlantic Standard Time),Liaison,Dr.
9657,42747585,Sat Nov 23 2024 20:37:51 GMT-0400 (Atlantic Standard Time),Producer,Mr.
5503,75167828,Sat Nov 23 2024 17:25:40 GMT-0400 (Atlantic Standard Time),Liaison,Mr.
7131,57495163,Sat Nov 23 2024 17:43:16 GMT-0400 (Atlantic Standard Time),Supervisor,Mrs.
5031,7549346,Sat Nov 23 2024 21:27:42 GMT-0400 (Atlantic Standard Time),Planner,Miss
1890,63287306,Sat Nov 23 2024 15:18:37 GMT-0400 (Atlantic Standard Time),Architect,Dr.
2393,52743441,Sat Nov 23 2024 03:02:08 GMT-0400 (Atlantic Standard Time),Assistant,Ms.
9996,29410659,Sat Nov 23 2024 05:38:55 GMT-0400 (Atlantic Standard Time),Technician,Dr.
8766,61349562,Sat Nov 23 2024 18:01:22 GMT-0400 (Atlantic Standard Time),Designer,Miss
2636,11078851,Sat Nov 23 2024 06:10:21 GMT-0400 (Atlantic Standard Time),Planner,Miss
6277,88602652,Sat Nov 23 2024 20:08:20 GMT-0400 (Atlantic Standard Time),Strategist,Dr.
8003,60590969,Sat Nov 23 2024 18:50:30 GMT-0400 (Atlantic Standard Time),Engineer,Ms.
8235,29034905,Sat Nov 23 2024 14:25:57 GMT-0400 (Atlantic Standard Time),Associate,Mrs.
4830,74043626,Sun Nov 24 2024 00:54:53 GMT-0400 (Atlantic Standard Time),Agent,Miss
8962,60440681,Sun Nov 24 2024 00:32:27 GMT-0400 (Atlantic Standard Time),Producer,Mr.
1703,89390080,Sat Nov 23 2024 14:18:55 GMT-0400 (Atlantic Standard Time),Consultant,Dr.
8661,41479176,Sat Nov 23 2024 09:40:08 GMT-0400 (Atlantic Standard Time),Developer,Ms.
9685,39613980,Sat Nov 23 2024 10:20:10 GMT-0400 (Atlantic Standard Time),Consultant,Mrs.
2170,86054162,Sat Nov 23 2024 21:24:09 GMT-0400 (Atlantic Standard Time),Executive,Mrs.
6806,92792982,Sat Nov 23 2024 08:17:44 GMT-0400 (Atlantic Standard Time),Specialist,Mr.
8810,83781774,Sat Nov 23 2024 16:09:36 GMT-0400 (Atlantic Standard Time),Orchestrator,Dr.
9320,10954091,Sat Nov 23 2024 08:00:28 GMT-0400 (Atlantic Standard Time),Engineer,Ms.
1789,34977007,Sat Nov 23 2024 15:01:42 GMT-0400 (Atlantic Standard Time),Director,Mrs.
1537,86754885,Sat Nov 23 2024 13:08:26 GMT-0400 (Atlantic Standard Time),Executive,Miss
4643,12277104,Sat Nov 23 2024 11:05:05 GMT-0400 (Atlantic Standard Time),Associate,Mr.
8224,20771535,Sat Nov 23 2024 06:23:59 GMT-0400 (Atlantic Standard Time),Executive,Dr.
9230,15814814,Sat Nov 23 2024 05:12:05 GMT-0400 (Atlantic Standard Time),Supervisor,Mr.
4108,31886321,Sat Nov 23 2024 16:09:59 GMT-0400 (Atlantic Standard Time),Director,Mr.
3145,63835804,Sat Nov 23 2024 22:47:35 GMT-0400 (Atlantic Standard Time),Orchestrator,Ms.
5709,92797533,Sat Nov 23 2024 16:32:44 GMT-0400 (Atlantic Standard Time),Facilitator,Mr.
5701,48804320,Sat Nov 23 2024 09:28:25 GMT-0400 (Atlantic Standard Time),Associate,Mr.
1411,79286310,Sat Nov 23 2024 01:45:02 GMT-0400 (Atlantic Standard Time),Associate,Mrs.
3898,8688802,Sat Nov 23 2024 17:13:44 GMT-0400 (Atlantic Standard Time),Developer,Mrs.
9567,20534,Sat Nov 23 2024 23:10:42 GMT-0400 (Atlantic Standard Time),Manager,Miss
4973,10229211,Sat Nov 23 2024 20:13:34 GMT-0400 (Atlantic Standard Time),Agent,Ms.
2693,93413427,Sat Nov 23 2024 21:30:57 GMT-0400 (Atlantic Standard Time),Producer,Dr.
3248,75858097,Sat Nov 23 2024 04:12:25 GMT-0400 (Atlantic Standard Time),Assistant,Dr.
6225,99727644,Sat Nov 23 2024 21:53:20 GMT-0400 (Atlantic Standard Time),Planner,Miss
6102,92256738,Sat Nov 23 2024 20:36:09 GMT-0400 (Atlantic Standard Time),Technician,Miss
4529,53717724,Sat Nov 23 2024 01:38:19 GMT-0400 (Atlantic Standard Time),Orchestrator,Dr.
7679,41346191,Sat Nov 23 2024 07:03:57 GMT-0400 (Atlantic Standard Time),Executive,Miss
8865,40139471,Sun Nov 24 2024 00:12:27 GMT-0400 (Atlantic Standard Time),Coordinator,Ms.
4416,86518606,Sat Nov 23 2024 19:39:05 GMT-0400 (Atlantic Standard Time),Engineer,Mr.
990,49689630,Sat Nov 23 2024 03:52:25 GMT-0400 (Atlantic Standard Time),Analyst,Dr.
3113,26395255,Sat Nov 23 2024 08:02:21 GMT-0400 (Atlantic Standard Time),Facilitator,Dr.
4377,39017554,Sat Nov 23 2024 11:44:22 GMT-0400 (Atlantic Standard Time),Architect,Miss
6687,18425288,Sat Nov 23 2024 09:57:57 GMT-0400 (Atlantic Standard Time),Engineer,Miss
7642,97591304,Sat Nov 23 2024 08:23:45 GMT-0400 (Atlantic Standard Time),Agent,Mr.
8360,48022410,Sat Nov 23 2024 07:36:17 GMT-0400 (Atlantic Standard Time),Director,Miss
2313,94521399,Sat Nov 23 2024 22:59:57 GMT-0400 (Atlantic Standard Time),Director,Miss
9572,43343563,Sat Nov 23 2024 02:35:20 GMT-0400 (Atlantic Standard Time),Designer,Mr.
230,68148546,Sat Nov 23 2024 11:22:54 GMT-0400 (Atlantic Standard Time),Director,Dr.
3800,1329652,Sat Nov 23 2024 06:56:09 GMT-0400 (Atlantic Standard Time),Administrator,Miss
6013,93884615,Sat Nov 23 2024 06:43:26 GMT-0400 (Atlantic Standard Time),Technician,Mr.
179,61246955,Sat Nov 23 2024 03:30:58 GMT-0400 (Atlantic Standard Time),Representative,Mrs.
1656,36258219,Sat Nov 23 2024 08:46:28 GMT-0400 (Atlantic Standard Time),Consultant,Mr.
6735,77737795,Sat Nov 23 2024 02:07:43 GMT-0400 (Atlantic Standard Time),Liaison,Mr.
6211,78426625,Sat Nov 23 2024 14:49:52 GMT-0400 (Atlantic Standard Time),Representative,Mrs.
6214,69024587,Sat Nov 23 2024 15:56:12 GMT-0400 (Atlantic Standard Time),Representative,Dr.
5973,48559512,Sat Nov 23 2024 11:15:18 GMT-0400 (Atlantic Standard Time),Designer,Mrs.
6066,36628157,Sat Nov 23 2024 01:43:48 GMT-0400 (Atlantic Standard Time),Associate,Mr.
9188,83552981,Sat Nov 23 2024 05:18:37 GMT-0400 (Atlantic Standard Time),Officer,Mr.
873,92590599,Sat Nov 23 2024 20:14:07 GMT-0400 (Atlantic Standard Time),Architect,Dr.
590,16035986,Sat Nov 23 2024 17:38:13 GMT-0400 (Atlantic Standard Time),Manager,Mrs.
4936,98906158,Sat Nov 23 2024 01:47:18 GMT-0400 (Atlantic Standard Time),Analyst,Ms.
9148,89481173,Sat Nov 23 2024 06:16:47 GMT-0400 (Atlantic Standard Time),Manager,Mrs.
3091,17652038,Sat Nov 23 2024 12:09:31 GMT-0400 (Atlantic Standard Time),Liaison,Miss
3317,12138112,Sat Nov 23 2024 16:58:22 GMT-0400 (Atlantic Standard Time),Producer,Dr.
3758,56067051,Sat Nov 23 2024 18:51:40 GMT-0400 (Atlantic Standard Time),Administrator,Dr.
5309,82999758,Sat Nov 23 2024 06:08:32 GMT-0400 (Atlantic Standard Time),Manager,Dr.
8803,39909880,Sat Nov 23 2024 03:04:38 GMT-0400 (Atlantic Standard Time),Orchestrator,Miss
5002,86210711,Sat Nov 23 2024 07:27:16 GMT-0400 (Atlantic Standard Time),Supervisor,Dr.
6808,40035184,Sat Nov 23 2024 05:43:26 GMT-0400 (Atlantic Standard Time),Facilitator,Mrs.
185,19553427,Sat Nov 23 2024 21:41:01 GMT-0400 (Atlantic Standard Time),Executive,Mrs.
9351,58910285,Sat Nov 23 2024 04:29:56 GMT-0400 (Atlantic Standard Time),Supervisor,Miss
9053,60132670,Sat Nov 23 2024 20:09:00 GMT-0400 (Atlantic Standard Time),Consultant,Miss
191,38099062,Sat Nov 23 2024 13:39:11 GMT-0400 (Atlantic Standard Time),Manager,Miss
4852,45878475,Sat Nov 23 2024 23:59:48 GMT-0400 (Atlantic Standard Time),Architect,Dr.
3591,28910614,Sat Nov 23 2024 15:39:39 GMT-0400 (Atlantic Standard Time),Technician,Miss
5365,80336787,Sat Nov 23 2024 19:39:54 GMT-0400 (Atlantic Standard Time),Supervisor,Mrs.
2797,68403482,Sat Nov 23 2024 01:42:15 GMT-0400 (Atlantic Standard Time),Producer,Miss
7811,79390758,Sat Nov 23 2024 15:26:26 GMT-0400 (Atlantic Standard Time),Director,Mr.
6682,62548273,Sat Nov 23 2024 11:51:25 GMT-0400 (Atlantic Standard Time),Representative,Dr.
8935,94302154,Sat Nov 23 2024 23:14:11 GMT-0400 (Atlantic Standard Time),Strategist,Mr.
5829,11445615,Sat Nov 23 2024 17:04:03 GMT-0400 (Atlantic Standard Time),Technician,Mr.
87,81068938,Sat Nov 23 2024 21:59:14 GMT-0400 (Atlantic Standard Time),Agent,Dr.
8650,4562960,Sat Nov 23 2024 14:43:53 GMT-0400 (Atlantic Standard Time),Coordinator,Ms.
3014,12408044,Sat Nov 23 2024 23:04:30 GMT-0400 (Atlantic Standard Time),Supervisor,Mr.
6254,58163360,Sat Nov 23 2024 15:27:31 GMT-0400 (Atlantic Standard Time),Director,Mr.
5,48925,Sat Nov 23 2024 14:59:58 GMT-0400 (Atlantic Standard Time),Manager,Dr.
8234,2870500,Sat Nov 23 2024 22:39:53 GMT-0400 (Atlantic Standard Time),Coordinator,Mr.
5068,36682004,Sat Nov 23 2024 12:10:07 GMT-0400 (Atlantic Standard Time),Assistant,Ms.
9779,95767303,Sat Nov 23 2024 15:42:36 GMT-0400 (Atlantic Standard Time),Coordinator,Ms.
634,43397837,Sat Nov 23 2024 07:16:29 GMT-0400 (Atlantic Standard Time),Assistant,Mrs.
1133,65067215,Sat Nov 23 2024 10:01:36 GMT-0400 (Atlantic Standard Time),Coordinator,Dr.
9513,28854579,Sat Nov 23 2024 08:42:18 GMT-0400 (Atlantic Standard Time),Officer,Mrs.
755,93788636,Sat Nov 23 2024 08:48:11 GMT-0400 (Atlantic Standard Time),Manager,Ms.
5680,18768082,Sat Nov 23 2024 18:42:34 GMT-0400 (Atlantic Standard Time),Specialist,Mrs.
179,40653985,Sat Nov 23 2024 07:32:18 GMT-0400 (Atlantic Standard Time),Representative,Miss
446,18639200,Sat Nov 23 2024 08:25:39 GMT-0400 (Atlantic Standard Time),Manager,Dr.
4411,88086312,Sat Nov 23 2024 20:46:05 GMT-0400 (Atlantic Standard Time),Coordinator,Mrs.
4623,30768234,Sat Nov 23 2024 02:53:09 GMT-0400 (Atlantic Standard Time),Officer,Mrs.
9843,37939695,Sat Nov 23 2024 14:03:26 GMT-0400 (Atlantic Standard Time),Supervisor,Dr.
2218,93639399,Sat Nov 23 2024 21:43:12 GMT-0400 (Atlantic Standard Time),Engineer,Dr.
1761,93286654,Sat Nov 23 2024 17:53:51 GMT-0400 (Atlantic Standard Time),Analyst,Ms.
6864,71331226,Sun Nov 24 2024 00:38:18 GMT-0400 (Atlantic Standard Time),Administrator,Mr.
9310,84490034,Sat Nov 23 2024 06:16:39 GMT-0400 (Atlantic Standard Time),Associate,Mr.
3112,73193453,Sat Nov 23 2024 14:11:43 GMT-0400 (Atlantic Standard Time),Director,Mr.
1050,19149298,Sat Nov 23 2024 20:20:22 GMT-0400 (Atlantic Standard Time),Agent,Mr.
9045,11076359,Sat Nov 23 2024 04:54:18 GMT-0400 (Atlantic Standard Time),Engineer,Ms.
6495,49019166,Sat Nov 23 2024 12:50:02 GMT-0400 (Atlantic Standard Time),Liaison,Ms.
9308,51699007,Sun Nov 24 2024 00:00:20 GMT-0400 (Atlantic Standard Time),Supervisor,Dr.
8451,70626148,Sat Nov 23 2024 09:43:07 GMT-0400 (Atlantic Standard Time),Supervisor,Mrs.
2179,52495306,Sat Nov 23 2024 11:37:25 GMT-0400 (Atlantic Standard Time),Strategist,Mrs.
6448,72429821,Sat Nov 23 2024 03:32:22 GMT-0400 (Atlantic Standard Time),Architect,Dr.
6132,72043352,Sat Nov 23 2024 01:38:47 GMT-0400 (Atlantic Standard Time),Planner,Mr.
9149,42380821,Sat Nov 23 2024 20:16:26 GMT-0400 (Atlantic Standard Time),Facilitator,Mrs.
2318,17792616,Sat Nov 23 2024 07:07:43 GMT-0400 (Atlantic Standard Time),Technician,Ms.
2016,61045585,Sat Nov 23 2024 21:27:12 GMT-0400 (Atlantic Standard Time),Liaison,Mr.
8017,90274607,Sat Nov 23 2024 15:53:23 GMT-0400 (Atlantic Standard Time),Analyst,Dr.
4888,60655905,Sat Nov 23 2024 08:19:18 GMT-0400 (Atlantic Standard Time),Coordinator,Mrs.
9860,23208545,Sat Nov 23 2024 03:47:13 GMT-0400 (Atlantic Standard Time),Strategist,Dr.
8458,51756559,Sat Nov 23 2024 18:47:00 GMT-0400 (Atlantic Standard Time),Specialist,Mr.
4783,17049072,Sat Nov 23 2024 18:00:33 GMT-0400 (Atlantic Standard Time),Executive,Mrs.
4705,42940278,Sat Nov 23 2024 01:26:15 GMT-0400 (Atlantic Standard Time),Agent,Miss
8887,83307610,Sat Nov 23 2024 18:00:28 GMT-0400 (Atlantic Standard Time),Assistant,Ms.
6811,28092354,Sat Nov 23 2024 15:05:19 GMT-0400 (Atlantic Standard Time),Executive,Miss
1647,51006606,Sat Nov 23 2024 18:15:07 GMT-0400 (Atlantic Standard Time),Director,Mr.
8718,64979283,Sat Nov 23 2024 01:55:01 GMT-0400 (Atlantic Standard Time),Producer,Dr.
6501,32206545,Sat Nov 23 2024 15:17:05 GMT-0400 (Atlantic Standard Time),Executive,Mrs.
8124,46654305,Sat Nov 23 2024 16:51:51 GMT-0400 (Atlantic Standard Time),Orchestrator,Miss
7001,8671786,Sat Nov 23 2024 02:00:22 GMT-0400 (Atlantic Standard Time),Consultant,Miss
5059,16856908,Sat Nov 23 2024 11:42:23 GMT-0400 (Atlantic Standard Time),Assistant,Ms.
6592,3441987,Sat Nov 23 2024 23:44:12 GMT-0400 (Atlantic Standard Time),Strategist,Ms.
2826,60514623,Sat Nov 23 2024 18:50:34 GMT-0400 (Atlantic Standard Time),Producer,Miss
7942,77319155,Sun Nov 24 2024 01:00:31 GMT-0400 (Atlantic Standard Time),Producer,Mrs.
7671,95080399,Sat Nov 23 2024 07:09:22 GMT-0400 (Atlantic Standard Time),Officer,Miss
1800,36625481,Sat Nov 23 2024 20:33:13 GMT-0400 (Atlantic Standard Time),Associate,Miss
7719,67255337,Sat Nov 23 2024 23:02:15 GMT-0400 (Atlantic Standard Time),Officer,Mrs.
9627,42837290,Sat Nov 23 2024 19:36:17 GMT-0400 (Atlantic Standard Time),Architect,Ms.
9617,70063135,Sat Nov 23 2024 20:06:45 GMT-0400 (Atlantic Standard Time),Developer,Dr.
2869,82968535,Sat Nov 23 2024 09:30:24 GMT-0400 (Atlantic Standard Time),Architect,Mrs.
8356,91940543,Sat Nov 23 2024 15:31:04 GMT-0400 (Atlantic Standard Time),Planner,Miss
5634,44469109,Sat Nov 23 2024 05:38:11 GMT-0400 (Atlantic Standard Time),Supervisor,Dr.
3221,78670369,Sat Nov 23 2024 23:26:35 GMT-0400 (Atlantic Standard Time),Planner,Ms.
7065,13481784,Sat Nov 23 2024 19:02:58 GMT-0400 (Atlantic Standard Time),Planner,Ms.
7919,46410763,Sat Nov 23 2024 14:47:00 GMT-0400 (Atlantic Standard Time),Director,Mrs.
497,72177069,Sat Nov 23 2024 08:01:45 GMT-0400 (Atlantic Standard Time),Facilitator,Miss
8354,47654266,Sat Nov 23 2024 19:41:47 GMT-0400 (Atlantic Standard Time),Agent,Dr.
8661,73528748,Sat Nov 23 2024 22:52:19 GMT-0400 (Atlantic Standard Time),Agent,Mr.
6399,47740229,Sat Nov 23 2024 14:40:07 GMT-0400 (Atlantic Standard Time),Technician,Mrs.
5776,16695806,Sat Nov 23 2024 04:10:41 GMT-0400 (Atlantic Standard Time),Technician,Mrs.
4917,18205339,Sat Nov 23 2024 21:38:10 GMT-0400 (Atlantic Standard Time),Designer,Mrs.
8026,28639065,Sat Nov 23 2024 15:29:04 GMT-0400 (Atlantic Standard Time),Orchestrator,Ms.
6070,56542610,Sat Nov 23 2024 06:44:32 GMT-0400 (Atlantic Standard Time),Consultant,Mrs.
3603,29600098,Sat Nov 23 2024 23:13:14 GMT-0400 (Atlantic Standard Time),Designer,Ms.
8643,31417246,Sat Nov 23 2024 18:57:56 GMT-0400 (Atlantic Standard Time),Agent,Mrs.
330,98438720,Sat Nov 23 2024 11:12:56 GMT-0400 (Atlantic Standard Time),Coordinator,Dr.
4407,1297044,Sat Nov 23 2024 08:27:45 GMT-0400 (Atlantic Standard Time),Facilitator,Mrs.
6557,91903510,Sat Nov 23 2024 08:27:43 GMT-0400 (Atlantic Standard Time),Designer,Dr.
6238,91773281,Sat Nov 23 2024 09:27:15 GMT-0400 (Atlantic Standard Time),Facilitator,Mrs.
4584,85093932,Sat Nov 23 2024 16:55:14 GMT-0400 (Atlantic Standard Time),Associate,Miss
7248,20318250,Sat Nov 23 2024 01:48:23 GMT-0400 (Atlantic Standard Time),Strategist,Ms.
5332,14585753,Sat Nov 23 2024 17:06:20 GMT-0400 (Atlantic Standard Time),Strategist,Miss
6238,99418371,Sat Nov 23 2024 18:36:53 GMT-0400 (Atlantic Standard Time),Engineer,Dr.
4405,41008056,Sat Nov 23 2024 21:05:14 GMT-0400 (Atlantic Standard Time),Producer,Ms.
9303,99154597,Sat Nov 23 2024 19:50:05 GMT-0400 (Atlantic Standard Time),Coordinator,Dr.
5359,77022037,Sat Nov 23 2024 09:21:06 GMT-0400 (Atlantic Standard Time),Executive,Dr.
6480,28576227,Sat Nov 23 2024 23:04:18 GMT-0400 (Atlantic Standard Time),Engineer,Mrs.
57,33172574,Sat Nov 23 2024 01:26:13 GMT-0400 (Atlantic Standard Time),Officer,Mrs.
240,63296046,Sat Nov 23 2024 15:24:59 GMT-0400 (Atlantic Standard Time),Orchestrator,Mr.
5149,85894693,Sat Nov 23 2024 17:25:28 GMT-0400 (Atlantic Standard Time),Assistant,Miss
5045,46785406,Sat Nov 23 2024 12:38:48 GMT-0400 (Atlantic Standard Time),Coordinator,Dr.
28,3082708,Sat Nov 23 2024 08:10:44 GMT-0400 (Atlantic Standard Time),Engineer,Mrs.
6627,44764977,Sat Nov 23 2024 10:07:20 GMT-0400 (Atlantic Standard Time),Specialist,Mrs.
6785,70992139,Sat Nov 23 2024 11:12:34 GMT-0400 (Atlantic Standard Time),Manager,Dr.
2343,72821256,Sat Nov 23 2024 20:30:59 GMT-0400 (Atlantic Standard Time),Assistant,Dr.
7916,60818686,Sat Nov 23 2024 18:17:56 GMT-0400 (Atlantic Standard Time),Developer,Dr.
6655,84253284,Sat Nov 23 2024 17:32:36 GMT-0400 (Atlantic Standard Time),Engineer,Miss
3336,99113173,Sat Nov 23 2024 10:43:25 GMT-0400 (Atlantic Standard Time),Officer,Mrs.
6869,11157881,Sat Nov 23 2024 18:12:56 GMT-0400 (Atlantic Standard Time),Producer,Ms.
8830,4148746,Sat Nov 23 2024 07:43:12 GMT-0400 (Atlantic Standard Time),Administrator,Mr.
624,53730658,Sat Nov 23 2024 20:24:21 GMT-0400 (Atlantic Standard Time),Associate,Mr.
6420,10641025,Sat Nov 23 2024 09:29:20 GMT-0400 (Atlantic Standard Time),Director,Ms.
3968,36099989,Sat Nov 23 2024 18:16:58 GMT-0400 (Atlantic Standard Time),Strategist,Ms.
4003,18915939,Sat Nov 23 2024 23:17:35 GMT-0400 (Atlantic Standard Time),Orchestrator,Dr.
4,26774077,Sat Nov 23 2024 14:26:58 GMT-0400 (Atlantic Standard Time),Administrator,Dr.
9538,28901651,Sat Nov 23 2024 18:12:27 GMT-0400 (Atlantic Standard Time),Agent,Dr.
505,54326597,Sat Nov 23 2024 22:40:59 GMT-0400 (Atlantic Standard Time),Designer,Miss
7513,87432602,Sat Nov 23 2024 19:47:53 GMT-0400 (Atlantic Standard Time),Engineer,Miss
6255,47886934,Sat Nov 23 2024 01:16:24 GMT-0400 (Atlantic Standard Time),Supervisor,Mr.
6275,34207644,Sat Nov 23 2024 16:25:11 GMT-0400 (Atlantic Standard Time),Assistant,Dr.
7408,20292130,Sat Nov 23 2024 09:18:08 GMT-0400 (Atlantic Standard Time),Producer,Miss
831,69939785,Sat Nov 23 2024 17:31:31 GMT-0400 (Atlantic Standard Time),Developer,Miss
6790,95787234,Sat Nov 23 2024 12:22:44 GMT-0400 (Atlantic Standard Time),Strategist,Miss
8074,21874322,Sat Nov 23 2024 23:35:43 GMT-0400 (Atlantic Standard Time),Officer,Dr.
6913,76455707,Sat Nov 23 2024 12:34:47 GMT-0400 (Atlantic Standard Time),Designer,Mr.
8751,4847737,Sat Nov 23 2024 18:39:33 GMT-0400 (Atlantic Standard Time),Administrator,Miss
3622,87648600,Sat Nov 23 2024 21:19:25 GMT-0400 (Atlantic Standard Time),Producer,Mrs.
8259,90916819,Sat Nov 23 2024 23:25:00 GMT-0400 (Atlantic Standard Time),Representative,Mrs.
6955,85590765,Sat Nov 23 2024 16:01:10 GMT-0400 (Atlantic Standard Time),Administrator,Ms.
2415,27976681,Sat Nov 23 2024 21:05:48 GMT-0400 (Atlantic Standard Time),Strategist,Mr.
1079,41152097,Sat Nov 23 2024 03:15:13 GMT-0400 (Atlantic Standard Time),Engineer,Ms.
6910,98845703,Sat Nov 23 2024 13:11:38 GMT-0400 (Atlantic Standard Time),Agent,Mr.
5564,17910346,Sat Nov 23 2024 03:53:29 GMT-0400 (Atlantic Standard Time),Facilitator,Mrs.
717,75174544,Sat Nov 23 2024 14:17:26 GMT-0400 (Atlantic Standard Time),Executive,Dr.
8587,80935662,Sat Nov 23 2024 10:19:58 GMT-0400 (Atlantic Standard Time),Officer,Ms.
8590,5926222,Sun Nov 24 2024 00:13:56 GMT-0400 (Atlantic Standard Time),Administrator,Ms.
1331,63396985,Sat Nov 23 2024 01:16:46 GMT-0400 (Atlantic Standard Time),Coordinator,Ms.
2050,26114633,Sat Nov 23 2024 17:34:52 GMT-0400 (Atlantic Standard Time),Designer,Ms.
3712,36252396,Sat Nov 23 2024 05:10:05 GMT-0400 (Atlantic Standard Time),Strategist,Mr.
8606,43179433,Sat Nov 23 2024 12:34:43 GMT-0400 (Atlantic Standard Time),Orchestrator,Mrs.
6610,42010216,Sat Nov 23 2024 12:38:37 GMT-0400 (Atlantic Standard Time),Officer,Ms.
907,54643112,Sun Nov 24 2024 00:27:46 GMT-0400 (Atlantic Standard Time),Specialist,Dr.
0,71041249,Sat Nov 23 2024 08:00:49 GMT-0400 (Atlantic Standard Time),Producer,Ms.
3950,18212965,Sat Nov 23 2024 06:36:19 GMT-0400 (Atlantic Standard Time),Associate,Ms.
8096,2602551,Sat Nov 23 2024 05:50:54 GMT-0400 (Atlantic Standard Time),Officer,Miss
8360,70458563,Sat Nov 23 2024 10:17:33 GMT-0400 (Atlantic Standard Time),Producer,Ms.
4861,40249849,Sat Nov 23 2024 15:25:09 GMT-0400 (Atlantic Standard Time),Strategist,Ms.
5194,57676307,Sat Nov 23 2024 19:29:24 GMT-0400 (Atlantic Standard Time),Supervisor,Dr.
5949,98563144,Sun Nov 24 2024 00:28:38 GMT-0400 (Atlantic Standard Time),Administrator,Dr.
1616,72846684,Sat Nov 23 2024 11:47:18 GMT-0400 (Atlantic Standard Time),Agent,Dr.
1743,43947667,Sat Nov 23 2024 03:14:00 GMT-0400 (Atlantic Standard Time),Planner,Mr.
9116,91409714,Sat Nov 23 2024 08:43:01 GMT-0400 (Atlantic Standard Time),Producer,Dr.
1365,91757923,Sat Nov 23 2024 10:05:24 GMT-0400 (Atlantic Standard Time),Executive,Dr.
8627,20399740,Sat Nov 23 2024 11:56:40 GMT-0400 (Atlantic Standard Time),Producer,Mrs.
2675,80322216,Sat Nov 23 2024 17:42:01 GMT-0400 (Atlantic Standard Time),Coordinator,Ms.
1903,66828887,Sat Nov 23 2024 09:45:45 GMT-0400 (Atlantic Standard Time),Representative,Dr.
9401,41989818,Sat Nov 23 2024 07:05:59 GMT-0400 (Atlantic Standard Time),Coordinator,Dr.
7693,44641346,Sat Nov 23 2024 20:14:55 GMT-0400 (Atlantic Standard Time),Liaison,Mr.
9729,94682446,Sat Nov 23 2024 06:31:16 GMT-0400 (Atlantic Standard Time),Analyst,Dr.
334,6138515,Sat Nov 23 2024 21:59:05 GMT-0400 (Atlantic Standard Time),Architect,Miss
4839,16235615,Sat Nov 23 2024 15:47:35 GMT-0400 (Atlantic Standard Time),Facilitator,Mrs.
7142,71450216,Sat Nov 23 2024 21:53:52 GMT-0400 (Atlantic Standard Time),Administrator,Dr.
8713,67922229,Sat Nov 23 2024 23:58:10 GMT-0400 (Atlantic Standard Time),Agent,Dr.
2431,33892142,Sat Nov 23 2024 14:30:03 GMT-0400 (Atlantic Standard Time),Strategist,Mrs.
5460,65512729,Sat Nov 23 2024 07:34:04 GMT-0400 (Atlantic Standard Time),Representative,Dr.
9597,97678737,Sat Nov 23 2024 03:07:09 GMT-0400 (Atlantic Standard Time),Developer,Mr.
3076,24436781,Sat Nov 23 2024 03:36:23 GMT-0400 (Atlantic Standard Time),Producer,Miss
2265,92392372,Sat Nov 23 2024 21:24:00 GMT-0400 (Atlantic Standard Time),Engineer,Ms.
883,52227175,Sat Nov 23 2024 07:12:21 GMT-0400 (Atlantic Standard Time),Planner,Mrs.
1773,27697943,Sat Nov 23 2024 16:23:35 GMT-0400 (Atlantic Standard Time),Coordinator,Miss
4043,31034987,Sat Nov 23 2024 18:00:16 GMT-0400 (Atlantic Standard Time),Manager,Dr.
4931,36992191,Sat Nov 23 2024 09:32:51 GMT-0400 (Atlantic Standard Time),Administrator,Miss
7273,14516631,Sat Nov 23 2024 05:04:57 GMT-0400 (Atlantic Standard Time),Specialist,Mr.
3797,78080048,Sat Nov 23 2024 03:57:22 GMT-0400 (Atlantic Standard Time),Architect,Ms.
9225,79904727,Sat Nov 23 2024 14:01:26 GMT-0400 (Atlantic Standard Time),Consultant,Mr.
840,91102862,Sat Nov 23 2024 01:56:54 GMT-0400 (Atlantic Standard Time),Facilitator,Miss
6849,55220536,Sat Nov 23 2024 07:28:51 GMT-0400 (Atlantic Standard Time),Liaison,Dr.
7991,72304075,Sat Nov 23 2024 15:40:55 GMT-0400 (Atlantic Standard Time),Facilitator,Mr.
8868,79803079,Sat Nov 23 2024 06:55:03 GMT-0400 (Atlantic Standard Time),Agent,Mrs.
1029,69193824,Sat Nov 23 2024 13:59:25 GMT-0400 (Atlantic Standard Time),Specialist,Ms.
2566,23889490,Sat Nov 23 2024 16:51:04 GMT-0400 (Atlantic Standard Time),Liaison,Mr.
1405,66769955,Sat Nov 23 2024 11:53:09 GMT-0400 (Atlantic Standard Time),Representative,Mr.
9546,24622148,Sun Nov 24 2024 01:00:14 GMT-0400 (Atlantic Standard Time),Administrator,Miss
1881,94562836,Sat Nov 23 2024 11:05:41 GMT-0400 (Atlantic Standard Time),Orchestrator,Ms.
7753,64332731,Sat Nov 23 2024 06:18:58 GMT-0400 (Atlantic Standard Time),Supervisor,Mr.
184,85165519,Sat Nov 23 2024 17:48:36 GMT-0400 (Atlantic Standard Time),Designer,Dr.
8579,71127290,Sat Nov 23 2024 08:03:33 GMT-0400 (Atlantic Standard Time),Technician,Mr.
8720,45557723,Sat Nov 23 2024 15:58:53 GMT-0400 (Atlantic Standard Time),Specialist,Dr.
399,91658517,Sat Nov 23 2024 20:56:52 GMT-0400 (Atlantic Standard Time),Associate,Dr.
6302,8570591,Sat Nov 23 2024 13:24:30 GMT-0400 (Atlantic Standard Time),Consultant,Ms.
1389,2135389,Sat Nov 23 2024 03:50:24 GMT-0400 (Atlantic Standard Time),Agent,Mr.
919,66910994,Sat Nov 23 2024 09:16:14 GMT-0400 (Atlantic Standard Time),Facilitator,Miss
2666,85370827,Sat Nov 23 2024 05:19:25 GMT-0400 (Atlantic Standard Time),Orchestrator,Mr.
1192,16508358,Sat Nov 23 2024 01:42:09 GMT-0400 (Atlantic Standard Time),Orchestrator,Ms.
2407,24280123,Sat Nov 23 2024 07:00:44 GMT-0400 (Atlantic Standard Time),Agent,Mr.
4120,12516926,Sat Nov 23 2024 05:20:41 GMT-0400 (Atlantic Standard Time),Administrator,Miss
157,14328970,Sat Nov 23 2024 02:38:54 GMT-0400 (Atlantic Standard Time),Facilitator,Ms.
5217,51873900,Sat Nov 23 2024 21:53:39 GMT-0400 (Atlantic Standard Time),Orchestrator,Dr.
8581,7046569,Sat Nov 23 2024 09:32:19 GMT-0400 (Atlantic Standard Time),Facilitator,Miss
7813,76433861,Sat Nov 23 2024 02:34:25 GMT-0400 (Atlantic Standard Time),Strategist,Mrs.
8610,40121137,Sat Nov 23 2024 12:00:42 GMT-0400 (Atlantic Standard Time),Officer,Miss
2395,94601428,Sat Nov 23 2024 22:00:04 GMT-0400 (Atlantic Standard Time),Architect,Miss
21,84586341,Sat Nov 23 2024 16:45:42 GMT-0400 (Atlantic Standard Time),Assistant,Dr.
3635,54595932,Sat Nov 23 2024 13:02:49 GMT-0400 (Atlantic Standard Time),Director,Miss
3276,959166,Sat Nov 23 2024 02:31:47 GMT-0400 (Atlantic Standard Time),Assistant,Miss
9940,20298658,Sat Nov 23 2024 06:40:40 GMT-0400 (Atlantic Standard Time),Technician,Miss
9450,21313746,Sat Nov 23 2024 03:06:24 GMT-0400 (Atlantic Standard Time),Designer,Mr.
606,48217379,Sat Nov 23 2024 21:44:25 GMT-0400 (Atlantic Standard Time),Executive,Ms.
9372,62025111,Sat Nov 23 2024 04:18:18 GMT-0400 (Atlantic Standard Time),Strategist,Dr.
1287,48429361,Sat Nov 23 2024 23:51:54 GMT-0400 (Atlantic Standard Time),Associate,Mrs.
5461,98420437,Sat Nov 23 2024 09:27:09 GMT-0400 (Atlantic Standard Time),Technician,Mrs.
9555,89792947,Sat Nov 23 2024 01:25:24 GMT-0400 (Atlantic Standard Time),Executive,Dr.
1315,28264989,Sat Nov 23 2024 12:13:48 GMT-0400 (Atlantic Standard Time),Officer,Miss
4715,69676200,Sat Nov 23 2024 19:35:46 GMT-0400 (Atlantic Standard Time),Developer,Ms.
5603,84815168,Sun Nov 24 2024 00:54:43 GMT-0400 (Atlantic Standard Time),Facilitator,Mr.
3641,7864281,Sat Nov 23 2024 14:16:47 GMT-0400 (Atlantic Standard Time),Coordinator,Mrs.
6304,69067245,Sat Nov 23 2024 07:10:41 GMT-0400 (Atlantic Standard Time),Technician,Miss
1900,63611067,Sat Nov 23 2024 01:13:12 GMT-0400 (Atlantic Standard Time),Engineer,Miss
3035,45077679,Sat Nov 23 2024 07:04:37 GMT-0400 (Atlantic Standard Time),Producer,Dr.
904,11942219,Sat Nov 23 2024 08:00:51 GMT-0400 (Atlantic Standard Time),Planner,Mr.
765,82735902,Sat Nov 23 2024 11:57:42 GMT-0400 (Atlantic Standard Time),Coordinator,Ms.
4775,62305840,Sat Nov 23 2024 05:41:56 GMT-0400 (Atlantic Standard Time),Assistant,Miss
9973,15415510,Sat Nov 23 2024 05:48:53 GMT-0400 (Atlantic Standard Time),Orchestrator,Ms.
994,90657326,Sat Nov 23 2024 13:29:09 GMT-0400 (Atlantic Standard Time),Liaison,Dr.
491,89707764,Sat Nov 23 2024 16:23:54 GMT-0400 (Atlantic Standard Time),Supervisor,Miss
9127,92988683,Sat Nov 23 2024 23:00:19 GMT-0400 (Atlantic Standard Time),Liaison,Mrs.
6902,94575077,Sat Nov 23 2024 13:29:33 GMT-0400 (Atlantic Standard Time),Planner,Miss
4675,11203005,Sun Nov 24 2024 00:16:13 GMT-0400 (Atlantic Standard Time),Manager,Miss
6127,42348414,Sat Nov 23 2024 02:54:12 GMT-0400 (Atlantic Standard Time),Agent,Miss
2038,67061848,Sun Nov 24 2024 00:28:08 GMT-0400 (Atlantic Standard Time),Assistant,Dr.
609,47951822,Sat Nov 23 2024 04:07:28 GMT-0400 (Atlantic Standard Time),Strategist,Mrs.
803,51516154,Sat Nov 23 2024 06:41:21 GMT-0400 (Atlantic Standard Time),Specialist,Dr.
5449,20237103,Sat Nov 23 2024 10:44:53 GMT-0400 (Atlantic Standard Time),Executive,Mrs.
1060,98663837,Sat Nov 23 2024 06:50:22 GMT-0400 (Atlantic Standard Time),Associate,Ms.
4344,16108512,Sat Nov 23 2024 21:20:30 GMT-0400 (Atlantic Standard Time),Technician,Mrs.
7681,40141491,Sat Nov 23 2024 15:56:31 GMT-0400 (Atlantic Standard Time),Analyst,Mrs.
7702,40384758,Sat Nov 23 2024 10:45:46 GMT-0400 (Atlantic Standard Time),Representative,Dr.
5682,80508010,Sat Nov 23 2024 03:35:46 GMT-0400 (Atlantic Standard Time),Architect,Miss
3651,18996736,Sat Nov 23 2024 22:50:08 GMT-0400 (Atlantic Standard Time),Agent,Dr.
4378,97373065,Sat Nov 23 2024 12:26:33 GMT-0400 (Atlantic Standard Time),Associate,Miss
7548,73453912,Sat Nov 23 2024 21:44:36 GMT-0400 (Atlantic Standard Time),Developer,Mr.
3495,76338852,Sat Nov 23 2024 23:59:45 GMT-0400 (Atlantic Standard Time),Manager,Mr.
7188,64380237,Sat Nov 23 2024 10:09:31 GMT-0400 (Atlantic Standard Time),Officer,Dr.
3268,23249512,Sat Nov 23 2024 16:28:34 GMT-0400 (Atlantic Standard Time),Specialist,Ms.
6861,10646138,Sat Nov 23 2024 10:16:38 GMT-0400 (Atlantic Standard Time),Consultant,Ms.
9758,96010550,Sun Nov 24 2024 00:39:23 GMT-0400 (Atlantic Standard Time),Liaison,Dr.
4896,93639403,Sat Nov 23 2024 14:43:33 GMT-0400 (Atlantic Standard Time),Consultant,Dr.
1324,34909016,Sat Nov 23 2024 08:06:22 GMT-0400 (Atlantic Standard Time),Planner,Mrs.
5387,44476921,Sat Nov 23 2024 02:28:52 GMT-0400 (Atlantic Standard Time),Officer,Ms.
3790,77120209,Sat Nov 23 2024 16:53:47 GMT-0400 (Atlantic Standard Time),Developer,Dr.
4093,52807629,Sun Nov 24 2024 00:23:49 GMT-0400 (Atlantic Standard Time),Orchestrator,Miss
3577,97877246,Sat Nov 23 2024 13:44:22 GMT-0400 (Atlantic Standard Time),Administrator,Mrs.
7531,73277417,Sat Nov 23 2024 20:22:22 GMT-0400 (Atlantic Standard Time),Administrator,Miss
8564,3626615,Sat Nov 23 2024 11:05:55 GMT-0400 (Atlantic Standard Time),Associate,Miss
1243,80348859,Sat Nov 23 2024 23:33:17 GMT-0400 (Atlantic Standard Time),Officer,Ms.
5613,46969514,Sat Nov 23 2024 02:43:24 GMT-0400 (Atlantic Standard Time),Orchestrator,Dr.
9165,65414263,Sat Nov 23 2024 15:46:29 GMT-0400 (Atlantic Standard Time),Analyst,Miss
4058,21028942,Sat Nov 23 2024 19:29:30 GMT-0400 (Atlantic Standard Time),Liaison,Miss
8473,5415472,Sat Nov 23 2024 04:35:09 GMT-0400 (Atlantic Standard Time),Engineer,Mrs.
7981,86674138,Sat Nov 23 2024 09:28:28 GMT-0400 (Atlantic Standard Time),Consultant,Dr.
7605,55014301,Sat Nov 23 2024 04:10:21 GMT-0400 (Atlantic Standard Time),Analyst,Mrs.
7711,55890619,Sat Nov 23 2024 01:51:07 GMT-0400 (Atlantic Standard Time),Assistant,Mrs.
5831,99189321,Sat Nov 23 2024 11:33:38 GMT-0400 (Atlantic Standard Time),Director,Ms.
2611,7053345,Sat Nov 23 2024 09:59:16 GMT-0400 (Atlantic Standard Time),Strategist,Ms.
3661,78548853,Sun Nov 24 2024 00:05:40 GMT-0400 (Atlantic Standard Time),Strategist,Miss
9156,96495078,Sat Nov 23 2024 21:00:34 GMT-0400 (Atlantic Standard Time),Liaison,Miss
4875,31396707,Sat Nov 23 2024 08:17:47 GMT-0400 (Atlantic Standard Time),Administrator,Mr.
9897,28905807,Sat Nov 23 2024 02:11:00 GMT-0400 (Atlantic Standard Time),Developer,Miss
9677,41205195,Sat Nov 23 2024 04:06:43 GMT-0400 (Atlantic Standard Time),Strategist,Mr.
9988,42379682,Sat Nov 23 2024 05:14:41 GMT-0400 (Atlantic Standard Time),Agent,Dr.
6626,64524622,Sat Nov 23 2024 06:18:31 GMT-0400 (Atlantic Standard Time),Associate,Dr.
6495,48714522,Sat Nov 23 2024 21:00:41 GMT-0400 (Atlantic Standard Time),Strategist,Mrs.
753,2007253,Sat Nov 23 2024 05:31:10 GMT-0400 (Atlantic Standard Time),Consultant,Ms.
9233,38841600,Sat Nov 23 2024 17:33:45 GMT-0400 (Atlantic Standard Time),Planner,Ms.
8844,73341467,Sat Nov 23 2024 07:56:53 GMT-0400 (Atlantic Standard Time),Designer,Ms.
6513,38136280,Sun Nov 24 2024 01:10:31 GMT-0400 (Atlantic Standard Time),Producer,Dr.
1505,48631219,Sat Nov 23 2024 20:06:02 GMT-0400 (Atlantic Standard Time),Liaison,Mrs.
4982,2661068,Sun Nov 24 2024 00:59:16 GMT-0400 (Atlantic Standard Time),Designer,Dr.
3716,40582869,Sat Nov 23 2024 09:02:39 GMT-0400 (Atlantic Standard Time),Producer,Ms.
9445,97326760,Sun Nov 24 2024 00:20:27 GMT-0400 (Atlantic Standard Time),Planner,Miss
724,98061761,Sat Nov 23 2024 04:14:47 GMT-0400 (Atlantic Standard Time),Analyst,Ms.
3011,38627122,Sat Nov 23 2024 13:09:59 GMT-0400 (Atlantic Standard Time),Strategist,Mr.
7944,92560267,Sat Nov 23 2024 04:13:18 GMT-0400 (Atlantic Standard Time),Engineer,Mr.
5,55307314,Sun Nov 24 2024 00:28:37 GMT-0400 (Atlantic Standard Time),Coordinator,Ms.
3797,91023986,Sat Nov 23 2024 22:03:32 GMT-0400 (Atlantic Standard Time),Orchestrator,Miss
3114,56436295,Sat Nov 23 2024 14:08:37 GMT-0400 (Atlantic Standard Time),Liaison,Mr.
5745,41253708,Sat Nov 23 2024 08:57:55 GMT-0400 (Atlantic Standard Time),Planner,Mrs.
2302,48355143,Sat Nov 23 2024 16:33:29 GMT-0400 (Atlantic Standard Time),Developer,Miss
5717,10336593,Sat Nov 23 2024 14:38:13 GMT-0400 (Atlantic Standard Time),Developer,Mrs.
9206,30614721,Sat Nov 23 2024 11:07:18 GMT-0400 (Atlantic Standard Time),Orchestrator,Mrs.
7254,6658385,Sat Nov 23 2024 15:04:57 GMT-0400 (Atlantic Standard Time),Liaison,Dr.
8623,72153800,Sat Nov 23 2024 23:54:43 GMT-0400 (Atlantic Standard Time),Director,Dr.
1977,53209165,Sat Nov 23 2024 14:05:31 GMT-0400 (Atlantic Standard Time),Engineer,Mr.
1072,51159099,Sat Nov 23 2024 22:51:23 GMT-0400 (Atlantic Standard Time),Analyst,Ms.
6989,11009812,Sat Nov 23 2024 01:27:35 GMT-0400 (Atlantic Standard Time),Assistant,Mrs.
8905,23041349,Sun Nov 24 2024 00:38:50 GMT-0400 (Atlantic Standard Time),Producer,Ms.
6232,37940796,Sat Nov 23 2024 12:10:25 GMT-0400 (Atlantic Standard Time),Assistant,Dr.
4991,27738692,Sat Nov 23 2024 03:18:24 GMT-0400 (Atlantic Standard Time),Strategist,Mr.
131,62156188,Sat Nov 23 2024 16:17:09 GMT-0400 (Atlantic Standard Time),Consultant,Mrs.
8324,76415282,Sat Nov 23 2024 04:25:03 GMT-0400 (Atlantic Standard Time),Consultant,Mr.
1717,8421946,Sat Nov 23 2024 18:53:30 GMT-0400 (Atlantic Standard Time),Representative,Mr.
2995,96915136,Sat Nov 23 2024 18:14:09 GMT-0400 (Atlantic Standard Time),Technician,Dr.
3744,11050493,Sat Nov 23 2024 18:42:50 GMT-0400 (Atlantic Standard Time),Facilitator,Mr.
6445,92739996,Sat Nov 23 2024 13:11:00 GMT-0400 (Atlantic Standard Time),Assistant,Miss
3520,88711559,Sat Nov 23 2024 08:28:24 GMT-0400 (Atlantic Standard Time),Engineer,Dr.
5262,20199198,Sat Nov 23 2024 14:26:02 GMT-0400 (Atlantic Standard Time),Analyst,Mrs.
1256,93839030,Sat Nov 23 2024 13:29:17 GMT-0400 (Atlantic Standard Time),Specialist,Dr.
2781,21297695,Sat Nov 23 2024 07:55:07 GMT-0400 (Atlantic Standard Time),Specialist,Mrs.
8749,46039537,Sat Nov 23 2024 15:27:56 GMT-0400 (Atlantic Standard Time),Strategist,Dr.
710,94666913,Sat Nov 23 2024 23:57:02 GMT-0400 (Atlantic Standard Time),Supervisor,Miss
538,19636866,Sat Nov 23 2024 08:49:09 GMT-0400 (Atlantic Standard Time),Consultant,Ms.
7370,10961634,Sat Nov 23 2024 12:34:46 GMT-0400 (Atlantic Standard Time),Strategist,Ms.
5217,67899748,Sat Nov 23 2024 20:24:48 GMT-0400 (Atlantic Standard Time),Engineer,Mrs.
6227,75127521,Sat Nov 23 2024 07:29:26 GMT-0400 (Atlantic Standard Time),Representative,Mrs.
4305,83005624,Sat Nov 23 2024 19:58:11 GMT-0400 (Atlantic Standard Time),Producer,Dr.
4941,83245968,Sat Nov 23 2024 05:07:37 GMT-0400 (Atlantic Standard Time),Specialist,Ms.
7165,38089026,Sat Nov 23 2024 02:46:26 GMT-0400 (Atlantic Standard Time),Associate,Mr.
261,74545180,Sat Nov 23 2024 23:50:40 GMT-0400 (Atlantic Standard Time),Consultant,Miss
9183,82978337,Sat Nov 23 2024 05:00:26 GMT-0400 (Atlantic Standard Time),Associate,Miss
549,30178780,Sun Nov 24 2024 00:14:25 GMT-0400 (Atlantic Standard Time),Supervisor,Mrs.
5566,35765174,Sat Nov 23 2024 19:34:00 GMT-0400 (Atlantic Standard Time),Producer,Ms.
7772,21772732,Sat Nov 23 2024 14:03:01 GMT-0400 (Atlantic Standard Time),Engineer,Mr.
654,60851459,Sat Nov 23 2024 07:06:24 GMT-0400 (Atlantic Standard Time),Manager,Dr.
9501,20882636,Sat Nov 23 2024 04:09:04 GMT-0400 (Atlantic Standard Time),Planner,Mrs.
9823,44556822,Sat Nov 23 2024 16:52:15 GMT-0400 (Atlantic Standard Time),Liaison,Mrs.
7327,95786027,Sat Nov 23 2024 18:14:57 GMT-0400 (Atlantic Standard Time),Orchestrator,Mr.
3634,5582252,Sat Nov 23 2024 15:00:40 GMT-0400 (Atlantic Standard Time),Associate,Mrs.
355,72135568,Sat Nov 23 2024 08:49:18 GMT-0400 (Atlantic Standard Time),Director,Mr.
5460,49903224,Sat Nov 23 2024 15:02:54 GMT-0400 (Atlantic Standard Time),Manager,Dr.
4320,80293110,Sat Nov 23 2024 23:04:38 GMT-0400 (Atlantic Standard Time),Assistant,Dr.
1690,41836422,Sat Nov 23 2024 18:03:30 GMT-0400 (Atlantic Standard Time),Developer,Mr.
1957,51564292,Sat Nov 23 2024 10:01:29 GMT-0400 (Atlantic Standard Time),Analyst,Ms.
1230,16061653,Sat Nov 23 2024 21:26:18 GMT-0400 (Atlantic Standard Time),Director,Mr.
3895,86366059,Sat Nov 23 2024 11:34:04 GMT-0400 (Atlantic Standard Time),Assistant,Mrs.
9025,40263502,Sat Nov 23 2024 11:54:26 GMT-0400 (Atlantic Standard Time),Supervisor,Miss
7843,94530086,Sat Nov 23 2024 08:38:00 GMT-0400 (Atlantic Standard Time),Strategist,Mr.
3517,85614095,Sat Nov 23 2024 23:26:42 GMT-0400 (Atlantic Standard Time),Specialist,Mr.
4586,10689591,Sat Nov 23 2024 10:26:37 GMT-0400 (Atlantic Standard Time),Strategist,Miss
835,25584985,Sat Nov 23 2024 23:18:19 GMT-0400 (Atlantic Standard Time),Facilitator,Ms.
8420,77824704,Sat Nov 23 2024 02:03:53 GMT-0400 (Atlantic Standard Time),Designer,Mrs.
6031,71293337,Sat Nov 23 2024 05:09:07 GMT-0400 (Atlantic Standard Time),Producer,Mrs.
1940,9949133,Sun Nov 24 2024 00:48:58 GMT-0400 (Atlantic Standard Time),Director,Mrs.
3423,81507301,Sat Nov 23 2024 17:11:22 GMT-0400 (Atlantic Standard Time),Associate,Ms.
2057,80965312,Sat Nov 23 2024 22:39:36 GMT-0400 (Atlantic Standard Time),Agent,Dr.
4468,23633449,Sat Nov 23 2024 01:51:14 GMT-0400 (Atlantic Standard Time),Consultant,Mr.
3170,66829243,Sat Nov 23 2024 20:14:04 GMT-0400 (Atlantic Standard Time),Supervisor,Ms.
2893,57955222,Sat Nov 23 2024 20:14:43 GMT-0400 (Atlantic Standard Time),Representative,Mrs.
9131,858840,Sat Nov 23 2024 08:54:35 GMT-0400 (Atlantic Standard Time),Architect,Mrs.
6211,25095263,Sat Nov 23 2024 01:44:29 GMT-0400 (Atlantic Standard Time),Planner,Ms.
5290,42890024,Sat Nov 23 2024 19:18:08 GMT-0400 (Atlantic Standard Time),Developer,Ms.
1558,98938171,Sat Nov 23 2024 13:26:11 GMT-0400 (Atlantic Standard Time),Liaison,Mr.
8026,75111538,Sat Nov 23 2024 12:01:03 GMT-0400 (Atlantic Standard Time),Analyst,Ms.
8937,60072053,Sat Nov 23 2024 18:48:02 GMT-0400 (Atlantic Standard Time),Developer,Dr.
7682,74154848,Sat Nov 23 2024 12:25:27 GMT-0400 (Atlantic Standard Time),Engineer,Dr.
3974,47309351,Sat Nov 23 2024 15:44:33 GMT-0400 (Atlantic Standard Time),Consultant,Ms.
4769,6754267,Sat Nov 23 2024 12:25:18 GMT-0400 (Atlantic Standard Time),Liaison,Ms.
2419,51576084,Sat Nov 23 2024 09:46:31 GMT-0400 (Atlantic Standard Time),Director,Mrs.
1543,91487496,Sat Nov 23 2024 01:37:03 GMT-0400 (Atlantic Standard Time),Director,Mrs.
1371,51498170,Sun Nov 24 2024 00:14:51 GMT-0400 (Atlantic Standard Time),Coordinator,Ms.
7822,89713682,Sat Nov 23 2024 05:15:26 GMT-0400 (Atlantic Standard Time),Director,Mrs.
581,35523856,Sat Nov 23 2024 17:30:43 GMT-0400 (Atlantic Standard Time),Associate,Dr.
6660,27148787,Sat Nov 23 2024 20:10:18 GMT-0400 (Atlantic Standard Time),Administrator,Dr.
1448,80539843,Sat Nov 23 2024 21:28:42 GMT-0400 (Atlantic Standard Time),Assistant,Miss
2509,9546546,Sat Nov 23 2024 16:01:43 GMT-0400 (Atlantic Standard Time),Associate,Mrs.
7311,67678654,Sat Nov 23 2024 04:53:56 GMT-0400 (Atlantic Standard Time),Supervisor,Mr.
2028,37357885,Sat Nov 23 2024 23:45:13 GMT-0400 (Atlantic Standard Time),Orchestrator,Ms.
2271,25171849,Sat Nov 23 2024 01:52:24 GMT-0400 (Atlantic Standard Time),Strategist,Mr.
4846,17681283,Sun Nov 24 2024 00:10:29 GMT-0400 (Atlantic Standard Time),Technician,Mr.
2057,8243653,Sat Nov 23 2024 11:31:26 GMT-0400 (Atlantic Standard Time),Associate,Miss
5348,82367205,Sat Nov 23 2024 21:08:58 GMT-0400 (Atlantic Standard Time),Orchestrator,Miss
3390,57548885,Sat Nov 23 2024 09:58:07 GMT-0400 (Atlantic Standard Time),Specialist,Dr.
4789,4686059,Sat Nov 23 2024 14:52:54 GMT-0400 (Atlantic Standard Time),Designer,Mr.
2086,57097109,Sat Nov 23 2024 13:14:40 GMT-0400 (Atlantic Standard Time),Architect,Dr.
4833,61168700,Sat Nov 23 2024 17:53:45 GMT-0400 (Atlantic Standard Time),Facilitator,Dr.
3206,73729560,Sat Nov 23 2024 01:47:11 GMT-0400 (Atlantic Standard Time),Coordinator,Mr.
8464,31377141,Sat Nov 23 2024 13:37:25 GMT-0400 (Atlantic Standard Time),Developer,Dr.
6176,36066719,Sat Nov 23 2024 19:48:53 GMT-0400 (Atlantic Standard Time),Officer,Ms.
1571,31090588,Sat Nov 23 2024 22:10:29 GMT-0400 (Atlantic Standard Time),Designer,Dr.
1761,40155493,Sat Nov 23 2024 22:49:08 GMT-0400 (Atlantic Standard Time),Strategist,Ms.
625,2634608,Sat Nov 23 2024 23:42:57 GMT-0400 (Atlantic Standard Time),Coordinator,Dr.
8853,86637239,Sat Nov 23 2024 08:56:30 GMT-0400 (Atlantic Standard Time),Developer,Ms.
5256,61807780,Sat Nov 23 2024 07:25:44 GMT-0400 (Atlantic Standard Time),Officer,Dr.
3478,58310645,Sat Nov 23 2024 19:26:32 GMT-0400 (Atlantic Standard Time),Engineer,Mr.
4053,43063005,Sun Nov 24 2024 01:04:51 GMT-0400 (Atlantic Standard Time),Coordinator,Miss
856,45514835,Sat Nov 23 2024 14:49:42 GMT-0400 (Atlantic Standard Time),Designer,Mr.
3445,70038240,Sun Nov 24 2024 00:21:11 GMT-0400 (Atlantic Standard Time),Consultant,Ms.
8917,65042225,Sat Nov 23 2024 21:14:56 GMT-0400 (Atlantic Standard Time),Administrator,Ms.
2537,62119772,Sat Nov 23 2024 15:21:05 GMT-0400 (Atlantic Standard Time),Associate,Mr.
9229,82323209,Sat Nov 23 2024 10:08:57 GMT-0400 (Atlantic Standard Time),Coordinator,Mr.
8699,61302818,Sat Nov 23 2024 02:50:48 GMT-0400 (Atlantic Standard Time),Supervisor,Mr.
8436,61702730,Sat Nov 23 2024 21:34:19 GMT-0400 (Atlantic Standard Time),Assistant,Ms.
8600,40884425,Sat Nov 23 2024 06:42:46 GMT-0400 (Atlantic Standard Time),Analyst,Mrs.
3922,55090127,Sun Nov 24 2024 00:33:27 GMT-0400 (Atlantic Standard Time),Developer,Mr.
5756,83315182,Sat Nov 23 2024 16:08:36 GMT-0400 (Atlantic Standard Time),Technician,Mr.
8796,36506603,Sat Nov 23 2024 21:28:29 GMT-0400 (Atlantic Standard Time),Analyst,Mrs.
3541,98351226,Sat Nov 23 2024 05:40:57 GMT-0400 (Atlantic Standard Time),Liaison,Mrs.
3486,19589817,Sat Nov 23 2024 07:10:20 GMT-0400 (Atlantic Standard Time),Representative,Miss
6180,83020259,Sat Nov 23 2024 15:47:41 GMT-0400 (Atlantic Standard Time),Administrator,Mrs.
13,75540199,Sat Nov 23 2024 22:17:53 GMT-0400 (Atlantic Standard Time),Designer,Ms.
3315,74484820,Sat Nov 23 2024 10:28:52 GMT-0400 (Atlantic Standard Time),Technician,Miss
8707,69892362,Sat Nov 23 2024 10:23:45 GMT-0400 (Atlantic Standard Time),Strategist,Mrs.
2783,91130368,Sat Nov 23 2024 19:39:16 GMT-0400 (Atlantic Standard Time),Facilitator,Ms.
1901,64008377,Sat Nov 23 2024 12:46:05 GMT-0400 (Atlantic Standard Time),Director,Mrs.
6203,1554592,Sat Nov 23 2024 22:50:25 GMT-0400 (Atlantic Standard Time),Agent,Ms.
6381,31951407,Sat Nov 23 2024 09:40:47 GMT-0400 (Atlantic Standard Time),Engineer,Ms.
4159,81875912,Sat Nov 23 2024 07:10:08 GMT-0400 (Atlantic Standard Time),Director,Mrs.
695,36292934,Sat Nov 23 2024 08:52:04 GMT-0400 (Atlantic Standard Time),Consultant,Mr.
2235,42214821,Sat Nov 23 2024 03:30:18 GMT-0400 (Atlantic Standard Time),Developer,Mr.
7350,82782571,Sat Nov 23 2024 14:15:57 GMT-0400 (Atlantic Standard Time),Director,Ms.
158,25987084,Sat Nov 23 2024 15:57:38 GMT-0400 (Atlantic Standard Time),Executive,Miss
9162,8563236,Sat Nov 23 2024 19:19:06 GMT-0400 (Atlantic Standard Time),Planner,Miss
4391,70617980,Sat Nov 23 2024 17:45:15 GMT-0400 (Atlantic Standard Time),Liaison,Ms.
2840,39472434,Sat Nov 23 2024 02:14:13 GMT-0400 (Atlantic Standard Time),Planner,Dr.
1292,62008780,Sat Nov 23 2024 22:42:46 GMT-0400 (Atlantic Standard Time),Associate,Ms.
566,16243872,Sat Nov 23 2024 10:50:08 GMT-0400 (Atlantic Standard Time),Technician,Miss
4686,96357229,Sun Nov 24 2024 01:07:39 GMT-0400 (Atlantic Standard Time),Executive,Mr.
2553,19870782,Sat Nov 23 2024 18:41:58 GMT-0400 (Atlantic Standard Time),Specialist,Mrs.
5405,13735886,Sat Nov 23 2024 23:55:41 GMT-0400 (Atlantic Standard Time),Representative,Mr.
4239,94204120,Sat Nov 23 2024 11:34:39 GMT-0400 (Atlantic Standard Time),Analyst,Mrs.
3261,2204925,Sat Nov 23 2024 07:09:56 GMT-0400 (Atlantic Standard Time),Strategist,Miss
4774,54786313,Sat Nov 23 2024 23:29:56 GMT-0400 (Atlantic Standard Time),Liaison,Mrs.
2298,44210274,Sat Nov 23 2024 16:15:54 GMT-0400 (Atlantic Standard Time),Planner,Mr.
2745,50988265,Sat Nov 23 2024 23:40:48 GMT-0400 (Atlantic Standard Time),Manager,Miss
6032,4499334,Sat Nov 23 2024 03:21:28 GMT-0400 (Atlantic Standard Time),Analyst,Dr.
1106,49659298,Sat Nov 23 2024 13:01:11 GMT-0400 (Atlantic Standard Time),Planner,Mr.
849,23136886,Sun Nov 24 2024 00:49:10 GMT-0400 (Atlantic Standard Time),Executive,Mr.
5504,18632835,Sat Nov 23 2024 09:49:04 GMT-0400 (Atlantic Standard Time),Supervisor,Miss
5035,80023414,Sat Nov 23 2024 07:06:29 GMT-0400 (Atlantic Standard Time),Technician,Dr.
8072,78113885,Sat Nov 23 2024 08:43:35 GMT-0400 (Atlantic Standard Time),Analyst,Mr.
3067,68248686,Sat Nov 23 2024 03:39:44 GMT-0400 (Atlantic Standard Time),Planner,Mr.
6490,77940035,Sat Nov 23 2024 18:58:08 GMT-0400 (Atlantic Standard Time),Facilitator,Mrs.
3095,72277452,Sun Nov 24 2024 01:03:28 GMT-0400 (Atlantic Standard Time),Officer,Mr.
4020,75228764,Sat Nov 23 2024 15:59:18 GMT-0400 (Atlantic Standard Time),Engineer,Dr.
1902,20951899,Sun Nov 24 2024 00:56:37 GMT-0400 (Atlantic Standard Time),Representative,Mrs.
6101,95627859,Sat Nov 23 2024 08:31:11 GMT-0400 (Atlantic Standard Time),Analyst,Dr.
7259,8265088,Sat Nov 23 2024 03:50:54 GMT-0400 (Atlantic Standard Time),Facilitator,Ms.
717,44357553,Sat Nov 23 2024 17:01:05 GMT-0400 (Atlantic Standard Time),Supervisor,Miss
4298,40071244,Sun Nov 24 2024 00:51:16 GMT-0400 (Atlantic Standard Time),Coordinator,Mrs.
6903,1457306,Sat Nov 23 2024 06:41:28 GMT-0400 (Atlantic Standard Time),Producer,Mrs.
3421,97976954,Sat Nov 23 2024 10:14:12 GMT-0400 (Atlantic Standard Time),Engineer,Mrs.
4329,48423456,Sat Nov 23 2024 13:46:09 GMT-0400 (Atlantic Standard Time),Associate,Mrs.
7842,70247723,Sat Nov 23 2024 03:27:57 GMT-0400 (Atlantic Standard Time),Assistant,Ms.
9307,40630304,Sat Nov 23 2024 22:23:33 GMT-0400 (Atlantic Standard Time),Analyst,Mrs.
9306,90938081,Sat Nov 23 2024 17:59:10 GMT-0400 (Atlantic Standard Time),Specialist,Ms.
6026,91779048,Sat Nov 23 2024 04:45:24 GMT-0400 (Atlantic Standard Time),Representative,Miss
6137,84700063,Sat Nov 23 2024 14:03:22 GMT-0400 (Atlantic Standard Time),Officer,Mrs.
2716,94734979,Sat Nov 23 2024 07:11:32 GMT-0400 (Atlantic Standard Time),Assistant,Miss
7050,58187347,Sat Nov 23 2024 05:39:27 GMT-0400 (Atlantic Standard Time),Facilitator,Dr.
3938,61754506,Sat Nov 23 2024 09:11:50 GMT-0400 (Atlantic Standard Time),Developer,Dr.
5792,87259532,Sat Nov 23 2024 18:46:57 GMT-0400 (Atlantic Standard Time),Assistant,Mr.
6921,61063901,Sat Nov 23 2024 07:48:42 GMT-0400 (Atlantic Standard Time),Coordinator,Miss
8027,74941188,Sat Nov 23 2024 20:46:05 GMT-0400 (Atlantic Standard Time),Manager,Dr.
7934,43215681,Sat Nov 23 2024 17:45:06 GMT-0400 (Atlantic Standard Time),Consultant,Mr.
3325,68488425,Sat Nov 23 2024 10:12:40 GMT-0400 (Atlantic Standard Time),Assistant,Mr.
3276,64248236,Sat Nov 23 2024 01:18:20 GMT-0400 (Atlantic Standard Time),Liaison,Ms.
2457,42350089,Sat Nov 23 2024 11:12:04 GMT-0400 (Atlantic Standard Time),Manager,Mrs.
2276,63395257,Sat Nov 23 2024 10:31:22 GMT-0400 (Atlantic Standard Time),Specialist,Miss
3709,82265707,Sat Nov 23 2024 02:32:21 GMT-0400 (Atlantic Standard Time),Liaison,Mrs.
3402,69974992,Sat Nov 23 2024 13:00:50 GMT-0400 (Atlantic Standard Time),Agent,Ms.
8556,99837592,Sat Nov 23 2024 06:59:38 GMT-0400 (Atlantic Standard Time),Assistant,Miss
5458,87261216,Sat Nov 23 2024 09:10:41 GMT-0400 (Atlantic Standard Time),Administrator,Mr.
4704,96792249,Sat Nov 23 2024 15:59:30 GMT-0400 (Atlantic Standard Time),Developer,Ms.
5280,39188748,Sat Nov 23 2024 06:25:30 GMT-0400 (Atlantic Standard Time),Assistant,Dr.
2597,11683362,Sat Nov 23 2024 09:51:41 GMT-0400 (Atlantic Standard Time),Facilitator,Dr.
4464,62824915,Sat Nov 23 2024 21:52:48 GMT-0400 (Atlantic Standard Time),Associate,Miss
9936,13325517,Sat Nov 23 2024 13:07:40 GMT-0400 (Atlantic Standard Time),Supervisor,Mrs.
8548,53114071,Sat Nov 23 2024 22:05:05 GMT-0400 (Atlantic Standard Time),Director,Dr.
1615,94318582,Sat Nov 23 2024 09:50:30 GMT-0400 (Atlantic Standard Time),Developer,Miss
7379,71794978,Sat Nov 23 2024 15:25:39 GMT-0400 (Atlantic Standard Time),Designer,Mrs.
7892,32017504,Sat Nov 23 2024 14:29:44 GMT-0400 (Atlantic Standard Time),Representative,Mrs.
8054,51179791,Sat Nov 23 2024 10:57:23 GMT-0400 (Atlantic Standard Time),Supervisor,Dr.
7258,40761237,Sat Nov 23 2024 20:01:50 GMT-0400 (Atlantic Standard Time),Consultant,Ms.
9928,41485636,Sat Nov 23 2024 21:45:58 GMT-0400 (Atlantic Standard Time),Agent,Miss
8866,63456662,Sat Nov 23 2024 09:52:40 GMT-0400 (Atlantic Standard Time),Assistant,Dr.
5483,1746237,Sat Nov 23 2024 01:19:20 GMT-0400 (Atlantic Standard Time),Coordinator,Mrs.
6892,73332446,Sat Nov 23 2024 08:58:25 GMT-0400 (Atlantic Standard Time),Strategist,Dr.
3642,94242697,Sat Nov 23 2024 08:08:45 GMT-0400 (Atlantic Standard Time),Manager,Mrs.
6392,81007832,Sat Nov 23 2024 07:35:26 GMT-0400 (Atlantic Standard Time),Coordinator,Mrs.
6675,48728191,Sat Nov 23 2024 04:58:54 GMT-0400 (Atlantic Standard Time),Producer,Mrs.
5825,90370728,Sat Nov 23 2024 22:55:15 GMT-0400 (Atlantic Standard Time),Technician,Miss
900,70915038,Sat Nov 23 2024 05:36:22 GMT-0400 (Atlantic Standard Time),Designer,Ms.
2935,97852414,Sat Nov 23 2024 07:54:10 GMT-0400 (Atlantic Standard Time),Director,Dr.
4029,82077457,Sat Nov 23 2024 16:54:14 GMT-0400 (Atlantic Standard Time),Associate,Mr.
6186,95159492,Sat Nov 23 2024 07:42:56 GMT-0400 (Atlantic Standard Time),Strategist,Mr.
2531,85413693,Sat Nov 23 2024 08:50:21 GMT-0400 (Atlantic Standard Time),Administrator,Miss
472,26959519,Sat Nov 23 2024 12:54:57 GMT-0400 (Atlantic Standard Time),Agent,Dr.
4292,34274857,Sat Nov 23 2024 04:06:23 GMT-0400 (Atlantic Standard Time),Officer,Ms.
8279,91336362,Sat Nov 23 2024 16:18:23 GMT-0400 (Atlantic Standard Time),Executive,Miss
1068,3315853,Sat Nov 23 2024 20:39:57 GMT-0400 (Atlantic Standard Time),Manager,Dr.
9248,95259346,Sat Nov 23 2024 07:47:55 GMT-0400 (Atlantic Standard Time),Executive,Dr.
6812,13948394,Sat Nov 23 2024 10:00:45 GMT-0400 (Atlantic Standard Time),Manager,Ms.
7582,2055150,Sat Nov 23 2024 08:58:27 GMT-0400 (Atlantic Standard Time),Liaison,Ms.
2582,94578336,Sat Nov 23 2024 15:54:09 GMT-0400 (Atlantic Standard Time),Executive,Miss
4775,26776219,Sat Nov 23 2024 06:35:14 GMT-0400 (Atlantic Standard Time),Associate,Mrs.
7181,6790263,Sat Nov 23 2024 03:47:27 GMT-0400 (Atlantic Standard Time),Agent,Miss
9973,25101688,Sat Nov 23 2024 15:51:42 GMT-0400 (Atlantic Standard Time),Liaison,Ms.
4125,74753437,Sat Nov 23 2024 07:01:47 GMT-0400 (Atlantic Standard Time),Supervisor,Mr.
3641,42425361,Sat Nov 23 2024 14:05:17 GMT-0400 (Atlantic Standard Time),Specialist,Mr.
1061,69134165,Sat Nov 23 2024 17:04:47 GMT-0400 (Atlantic Standard Time),Orchestrator,Ms.
714,48094737,Sat Nov 23 2024 20:13:30 GMT-0400 (Atlantic Standard Time),Representative,Ms.
9499,42600766,Sat Nov 23 2024 03:48:05 GMT-0400 (Atlantic Standard Time),Coordinator,Mr.
8115,31705209,Sat Nov 23 2024 20:47:24 GMT-0400 (Atlantic Standard Time),Producer,Mrs.
5172,28093757,Sat Nov 23 2024 09:17:47 GMT-0400 (Atlantic Standard Time),Supervisor,Miss
3290,18557516,Sat Nov 23 2024 20:48:52 GMT-0400 (Atlantic Standard Time),Technician,Mr.
6240,39021805,Sat Nov 23 2024 13:45:41 GMT-0400 (Atlantic Standard Time),Manager,Mrs.
305,68162628,Sat Nov 23 2024 04:55:59 GMT-0400 (Atlantic Standard Time),Executive,Mrs.
1834,56148135,Sat Nov 23 2024 08:36:52 GMT-0400 (Atlantic Standard Time),Analyst,Mr.
4267,32595628,Sat Nov 23 2024 23:41:59 GMT-0400 (Atlantic Standard Time),Facilitator,Mr.
415,23827088,Sat Nov 23 2024 12:31:13 GMT-0400 (Atlantic Standard Time),Orchestrator,Miss
3087,78374194,Sat Nov 23 2024 03:40:14 GMT-0400 (Atlantic Standard Time),Strategist,Dr.
391,2471455,Sat Nov 23 2024 08:46:58 GMT-0400 (Atlantic Standard Time),Designer,Dr.
676,21989432,Sat Nov 23 2024 12:20:52 GMT-0400 (Atlantic Standard Time),Consultant,Miss
4327,95170039,Sat Nov 23 2024 23:43:04 GMT-0400 (Atlantic Standard Time),Liaison,Dr.
6915,18531973,Sat Nov 23 2024 11:13:30 GMT-0400 (Atlantic Standard Time),Engineer,Dr.
5685,25409028,Sat Nov 23 2024 06:07:17 GMT-0400 (Atlantic Standard Time),Facilitator,Miss
6132,21566416,Sat Nov 23 2024 13:23:06 GMT-0400 (Atlantic Standard Time),Associate,Ms.
6545,35515199,Sun Nov 24 2024 01:05:11 GMT-0400 (Atlantic Standard Time),Supervisor,Ms.
2266,21561664,Sat Nov 23 2024 11:39:31 GMT-0400 (Atlantic Standard Time),Specialist,Dr.
6392,1273129,Sat Nov 23 2024 10:58:49 GMT-0400 (Atlantic Standard Time),Consultant,Mrs.
2448,69034678,Sat Nov 23 2024 21:49:23 GMT-0400 (Atlantic Standard Time),Administrator,Dr.
3998,45296284,Sat Nov 23 2024 16:04:36 GMT-0400 (Atlantic Standard Time),Executive,Miss
160,36168947,Sat Nov 23 2024 04:14:01 GMT-0400 (Atlantic Standard Time),Assistant,Mr.
9145,53089037,Sat Nov 23 2024 17:30:33 GMT-0400 (Atlantic Standard Time),Assistant,Mrs.
2589,34946224,Sat Nov 23 2024 06:13:38 GMT-0400 (Atlantic Standard Time),Agent,Miss
5514,90460556,Sat Nov 23 2024 20:08:03 GMT-0400 (Atlantic Standard Time),Assistant,Mr.
4048,51769875,Sat Nov 23 2024 12:16:11 GMT-0400 (Atlantic Standard Time),Officer,Mrs.
4766,8980453,Sat Nov 23 2024 08:03:36 GMT-0400 (Atlantic Standard Time),Representative,Ms.
8495,74722927,Sat Nov 23 2024 09:29:21 GMT-0400 (Atlantic Standard Time),Officer,Miss
5099,5462238,Sat Nov 23 2024 03:48:07 GMT-0400 (Atlantic Standard Time),Coordinator,Ms.
3006,7437849,Sat Nov 23 2024 13:16:08 GMT-0400 (Atlantic Standard Time),Associate,Mrs.
1059,75607207,Sat Nov 23 2024 14:31:39 GMT-0400 (Atlantic Standard Time),Orchestrator,Dr.
161,2662507,Sat Nov 23 2024 19:40:20 GMT-0400 (Atlantic Standard Time),Analyst,Miss
9736,98886601,Sat Nov 23 2024 14:13:54 GMT-0400 (Atlantic Standard Time),Designer,Ms.
6423,16658193,Sat Nov 23 2024 16:37:27 GMT-0400 (Atlantic Standard Time),Associate,Mrs.
1553,60566745,Sat Nov 23 2024 04:54:31 GMT-0400 (Atlantic Standard Time),Director,Dr.
1748,71197387,Sat Nov 23 2024 05:19:39 GMT-0400 (Atlantic Standard Time),Specialist,Miss
7720,92302966,Sat Nov 23 2024 01:56:20 GMT-0400 (Atlantic Standard Time),Strategist,Dr.
9048,30364148,Sat Nov 23 2024 17:38:45 GMT-0400 (Atlantic Standard Time),Agent,Dr.
8958,24712464,Sat Nov 23 2024 16:44:04 GMT-0400 (Atlantic Standard Time),Executive,Mr.
9456,6069879,Sat Nov 23 2024 01:41:05 GMT-0400 (Atlantic Standard Time),Administrator,Mrs.
3086,96534628,Sat Nov 23 2024 16:49:28 GMT-0400 (Atlantic Standard Time),Developer,Mrs.
5300,18275508,Sat Nov 23 2024 20:48:52 GMT-0400 (Atlantic Standard Time),Consultant,Ms.
2861,61935234,Sat Nov 23 2024 05:39:53 GMT-0400 (Atlantic Standard Time),Administrator,Miss
376,12343055,Sun Nov 24 2024 01:10:41 GMT-0400 (Atlantic Standard Time),Consultant,Mrs.
4725,2091798,Sat Nov 23 2024 09:03:54 GMT-0400 (Atlantic Standard Time),Facilitator,Mr.
7235,68706902,Sat Nov 23 2024 01:25:18 GMT-0400 (Atlantic Standard Time),Producer,Mrs.
1306,42022024,Sun Nov 24 2024 01:01:31 GMT-0400 (Atlantic Standard Time),Director,Dr.
1706,6454606,Sat Nov 23 2024 09:28:26 GMT-0400 (Atlantic Standard Time),Assistant,Mr.
4622,49398119,Sat Nov 23 2024 03:01:38 GMT-0400 (Atlantic Standard Time),Specialist,Miss
410,6095090,Sat Nov 23 2024 20:41:46 GMT-0400 (Atlantic Standard Time),Strategist,Ms.
1991,35116650,Sat Nov 23 2024 12:52:06 GMT-0400 (Atlantic Standard Time),Director,Miss
1977,82480049,Sat Nov 23 2024 16:25:49 GMT-0400 (Atlantic Standard Time),Administrator,Ms.
3222,16571128,Sat Nov 23 2024 04:39:53 GMT-0400 (Atlantic Standard Time),Consultant,Ms.
1043,18182826,Sat Nov 23 2024 15:57:27 GMT-0400 (Atlantic Standard Time),Assistant,Ms.
3273,30172461,Sat Nov 23 2024 18:09:45 GMT-0400 (Atlantic Standard Time),Strategist,Mr.
2038,75911625,Sat Nov 23 2024 02:37:50 GMT-0400 (Atlantic Standard Time),Developer,Dr.
8786,89122774,Sat Nov 23 2024 10:10:52 GMT-0400 (Atlantic Standard Time),Producer,Miss
2690,58322494,Sat Nov 23 2024 23:33:38 GMT-0400 (Atlantic Standard Time),Officer,Dr.
3363,92953307,Sat Nov 23 2024 04:34:18 GMT-0400 (Atlantic Standard Time),Consultant,Dr.
4866,78012378,Sat Nov 23 2024 15:46:19 GMT-0400 (Atlantic Standard Time),Liaison,Miss
2407,86518028,Sun Nov 24 2024 00:19:18 GMT-0400 (Atlantic Standard Time),Engineer,Ms.
8980,41056602,Sat Nov 23 2024 08:16:13 GMT-0400 (Atlantic Standard Time),Technician,Mrs.
2131,18946725,Sat Nov 23 2024 23:12:11 GMT-0400 (Atlantic Standard Time),Designer,Mrs.
601,38723287,Sat Nov 23 2024 22:00:12 GMT-0400 (Atlantic Standard Time),Analyst,Dr.
6134,75866973,Sat Nov 23 2024 19:00:05 GMT-0400 (Atlantic Standard Time),Analyst,Dr.
2599,48839285,Sat Nov 23 2024 15:09:01 GMT-0400 (Atlantic Standard Time),Administrator,Ms.
2415,59578697,Sat Nov 23 2024 09:37:15 GMT-0400 (Atlantic Standard Time),Orchestrator,Dr.
7770,76021441,Sat Nov 23 2024 08:29:06 GMT-0400 (Atlantic Standard Time),Specialist,Mrs.
416,5747641,Sat Nov 23 2024 12:55:29 GMT-0400 (Atlantic Standard Time),Facilitator,Miss
5082,83450123,Sat Nov 23 2024 12:20:24 GMT-0400 (Atlantic Standard Time),Producer,Ms.
1492,24934663,Sat Nov 23 2024 15:34:06 GMT-0400 (Atlantic Standard Time),Facilitator,Miss
3876,23051701,Sat Nov 23 2024 11:07:46 GMT-0400 (Atlantic Standard Time),Orchestrator,Ms.
4637,41910437,Sat Nov 23 2024 14:45:56 GMT-0400 (Atlantic Standard Time),Administrator,Mr.
1289,76338101,Sat Nov 23 2024 06:11:01 GMT-0400 (Atlantic Standard Time),Facilitator,Mrs.
6353,90066555,Sat Nov 23 2024 08:28:23 GMT-0400 (Atlantic Standard Time),Assistant,Dr.
3188,37492655,Sat Nov 23 2024 13:36:37 GMT-0400 (Atlantic Standard Time),Facilitator,Dr.
8765,20942968,Sat Nov 23 2024 02:39:08 GMT-0400 (Atlantic Standard Time),Assistant,Ms.
3894,66643786,Sat Nov 23 2024 19:39:19 GMT-0400 (Atlantic Standard Time),Coordinator,Ms.
8224,66024555,Sat Nov 23 2024 05:40:59 GMT-0400 (Atlantic Standard Time),Supervisor,Miss
5124,1280391,Sat Nov 23 2024 21:17:07 GMT-0400 (Atlantic Standard Time),Specialist,Mrs.
4079,54758573,Sat Nov 23 2024 02:09:34 GMT-0400 (Atlantic Standard Time),Assistant,Mr.
6075,82948397,Sat Nov 23 2024 10:12:34 GMT-0400 (Atlantic Standard Time),Specialist,Ms.
8333,79857382,Sat Nov 23 2024 18:10:39 GMT-0400 (Atlantic Standard Time),Supervisor,Dr.
6910,30366695,Sat Nov 23 2024 13:01:41 GMT-0400 (Atlantic Standard Time),Developer,Mrs.
4806,86226098,Sat Nov 23 2024 05:45:45 GMT-0400 (Atlantic Standard Time),Associate,Mr.
1310,11048968,Sun Nov 24 2024 00:35:06 GMT-0400 (Atlantic Standard Time),Producer,Mrs.
7165,89831563,Sat Nov 23 2024 23:47:36 GMT-0400 (Atlantic Standard Time),Associate,Dr.
6956,81122031,Sat Nov 23 2024 03:55:36 GMT-0400 (Atlantic Standard Time),Planner,Dr.
2729,64352263,Sat Nov 23 2024 04:22:54 GMT-0400 (Atlantic Standard Time),Designer,Ms.
5879,43540128,Sat Nov 23 2024 08:03:19 GMT-0400 (Atlantic Standard Time),Representative,Miss
1948,6260219,Sat Nov 23 2024 13:29:53 GMT-0400 (Atlantic Standard Time),Agent,Miss
8879,47655275,Sat Nov 23 2024 13:35:10 GMT-0400 (Atlantic Standard Time),Developer,Ms.
1999,37890714,Sat Nov 23 2024 07:51:47 GMT-0400 (Atlantic Standard Time),Developer,Miss
2630,81613708,Sat Nov 23 2024 01:51:43 GMT-0400 (Atlantic Standard Time),Specialist,Mr.
5815,21781790,Sat Nov 23 2024 18:06:01 GMT-0400 (Atlantic Standard Time),Officer,Mrs.
8493,54626919,Sat Nov 23 2024 20:41:21 GMT-0400 (Atlantic Standard Time),Architect,Ms.
5166,92988737,Sat Nov 23 2024 03:05:13 GMT-0400 (Atlantic Standard Time),Representative,Ms.
5339,8367631,Sat Nov 23 2024 15:40:03 GMT-0400 (Atlantic Standard Time),Orchestrator,Ms.
7642,55254692,Sat Nov 23 2024 01:13:27 GMT-0400 (Atlantic Standard Time),Associate,Miss
1930,79846305,Sat Nov 23 2024 03:34:05 GMT-0400 (Atlantic Standard Time),Technician,Mrs.
1465,4871095,Sat Nov 23 2024 08:12:49 GMT-0400 (Atlantic Standard Time),Strategist,Dr.
8249,40916480,Sat Nov 23 2024 04:43:52 GMT-0400 (Atlantic Standard Time),Consultant,Miss
5205,1097378,Sat Nov 23 2024 14:13:19 GMT-0400 (Atlantic Standard Time),Architect,Mrs.
6606,77327053,Sat Nov 23 2024 18:07:32 GMT-0400 (Atlantic Standard Time),Director,Mr.
785,15443891,Sat Nov 23 2024 13:29:42 GMT-0400 (Atlantic Standard Time),Strategist,Mr.
3035,17858008,Sat Nov 23 2024 11:57:09 GMT-0400 (Atlantic Standard Time),Analyst,Mr.
2214,34780313,Sat Nov 23 2024 06:00:25 GMT-0400 (Atlantic Standard Time),Consultant,Ms.
3466,29133948,Sat Nov 23 2024 10:17:29 GMT-0400 (Atlantic Standard Time),Orchestrator,Dr.
5923,85498285,Sun Nov 24 2024 00:59:51 GMT-0400 (Atlantic Standard Time),Strategist,Ms.
5932,75090715,Sat Nov 23 2024 01:49:09 GMT-0400 (Atlantic Standard Time),Assistant,Dr.
7690,14391047,Sat Nov 23 2024 07:20:53 GMT-0400 (Atlantic Standard Time),Executive,Mrs.
5566,63908062,Sat Nov 23 2024 20:15:23 GMT-0400 (Atlantic Standard Time),Executive,Dr.
7684,40617138,Sat Nov 23 2024 19:31:04 GMT-0400 (Atlantic Standard Time),Technician,Mr.
9871,15069159,Sat Nov 23 2024 22:23:58 GMT-0400 (Atlantic Standard Time),Architect,Dr.
7152,25986234,Sun Nov 24 2024 00:24:50 GMT-0400 (Atlantic Standard Time),Administrator,Mrs.
9189,56959380,Sun Nov 24 2024 00:34:48 GMT-0400 (Atlantic Standard Time),Administrator,Dr.
9332,17488007,Sat Nov 23 2024 22:47:28 GMT-0400 (Atlantic Standard Time),Technician,Mr.
6064,56251293,Sat Nov 23 2024 19:03:06 GMT-0400 (Atlantic Standard Time),Specialist,Mr.
1588,26365117,Sat Nov 23 2024 08:57:19 GMT-0400 (Atlantic Standard Time),Facilitator,Mr.
8763,52294862,Sat Nov 23 2024 23:24:53 GMT-0400 (Atlantic Standard Time),Facilitator,Mrs.
9654,39973238,Sat Nov 23 2024 21:20:15 GMT-0400 (Atlantic Standard Time),Strategist,Mrs.
4910,82744065,Sat Nov 23 2024 02:39:56 GMT-0400 (Atlantic Standard Time),Engineer,Miss
589,65611650,Sat Nov 23 2024 13:28:06 GMT-0400 (Atlantic Standard Time),Representative,Miss
8807,53509124,Sat Nov 23 2024 01:31:15 GMT-0400 (Atlantic Standard Time),Officer,Dr.
7832,26618057,Sat Nov 23 2024 04:14:11 GMT-0400 (Atlantic Standard Time),Strategist,Ms.
8796,50714873,Sat Nov 23 2024 20:47:52 GMT-0400 (Atlantic Standard Time),Technician,Mrs.
5203,19965452,Sat Nov 23 2024 17:53:29 GMT-0400 (Atlantic Standard Time),Analyst,Miss
3306,47954451,Sat Nov 23 2024 17:46:11 GMT-0400 (Atlantic Standard Time),Developer,Dr.
8282,7286608,Sat Nov 23 2024 05:41:39 GMT-0400 (Atlantic Standard Time),Manager,Miss
1997,23484868,Sat Nov 23 2024 15:17:42 GMT-0400 (Atlantic Standard Time),Specialist,Miss
4075,7830104,Sat Nov 23 2024 08:45:29 GMT-0400 (Atlantic Standard Time),Director,Mr.
7902,64058045,Sat Nov 23 2024 08:16:49 GMT-0400 (Atlantic Standard Time),Coordinator,Dr.
2698,79765281,Sat Nov 23 2024 03:28:31 GMT-0400 (Atlantic Standard Time),Administrator,Dr.
9452,99292650,Sat Nov 23 2024 12:41:17 GMT-0400 (Atlantic Standard Time),Planner,Dr.
8438,75524114,Sat Nov 23 2024 19:36:19 GMT-0400 (Atlantic Standard Time),Officer,Mr.
464,23125035,Sat Nov 23 2024 10:24:16 GMT-0400 (Atlantic Standard Time),Orchestrator,Ms.
1186,43289812,Sat Nov 23 2024 18:47:12 GMT-0400 (Atlantic Standard Time),Facilitator,Mr.
322,38291550,Sat Nov 23 2024 11:58:37 GMT-0400 (Atlantic Standard Time),Strategist,Dr.
9922,10151434,Sat Nov 23 2024 12:34:27 GMT-0400 (Atlantic Standard Time),Representative,Miss
2655,53601801,Sat Nov 23 2024 01:37:04 GMT-0400 (Atlantic Standard Time),Technician,Mrs.
8654,90925985,Sat Nov 23 2024 17:41:56 GMT-0400 (Atlantic Standard Time),Coordinator,Ms.
8295,26515105,Sat Nov 23 2024 02:08:47 GMT-0400 (Atlantic Standard Time),Architect,Mrs.
6014,89707064,Sat Nov 23 2024 23:31:51 GMT-0400 (Atlantic Standard Time),Engineer,Ms.
5650,55409091,Sat Nov 23 2024 16:52:33 GMT-0400 (Atlantic Standard Time),Administrator,Miss
1879,28361900,Sat Nov 23 2024 16:28:52 GMT-0400 (Atlantic Standard Time),Agent,Ms.
1087,54783234,Sat Nov 23 2024 19:38:41 GMT-0400 (Atlantic Standard Time),Producer,Mrs.
4907,59239360,Sat Nov 23 2024 22:17:33 GMT-0400 (Atlantic Standard Time),Representative,Ms.
1186,59958336,Sat Nov 23 2024 21:02:46 GMT-0400 (Atlantic Standard Time),Director,Miss
2051,88787280,Sat Nov 23 2024 13:49:28 GMT-0400 (Atlantic Standard Time),Executive,Dr.
3728,93011365,Sat Nov 23 2024 10:41:36 GMT-0400 (Atlantic Standard Time),Technician,Ms.
291,76064415,Sat Nov 23 2024 12:56:32 GMT-0400 (Atlantic Standard Time),Coordinator,Mr.
7641,43494191,Sat Nov 23 2024 04:57:07 GMT-0400 (Atlantic Standard Time),Liaison,Mrs.
601,11343169,Sat Nov 23 2024 08:48:12 GMT-0400 (Atlantic Standard Time),Facilitator,Mrs.
4185,50382169,Sat Nov 23 2024 11:30:22 GMT-0400 (Atlantic Standard Time),Orchestrator,Mrs.
9724,69863688,Sat Nov 23 2024 14:01:08 GMT-0400 (Atlantic Standard Time),Supervisor,Dr.
8841,50897447,Sat Nov 23 2024 03:00:14 GMT-0400 (Atlantic Standard Time),Engineer,Mrs.
7602,81905436,Sat Nov 23 2024 05:43:14 GMT-0400 (Atlantic Standard Time),Developer,Miss
4598,71395999,Sat Nov 23 2024 03:43:43 GMT-0400 (Atlantic Standard Time),Assistant,Dr.
4883,55956383,Sat Nov 23 2024 01:52:57 GMT-0400 (Atlantic Standard Time),Executive,Miss
6341,2598069,Sat Nov 23 2024 18:06:39 GMT-0400 (Atlantic Standard Time),Officer,Miss
2384,61880204,Sat Nov 23 2024 04:30:53 GMT-0400 (Atlantic Standard Time),Administrator,Miss
415,16303886,Sat Nov 23 2024 13:30:16 GMT-0400 (Atlantic Standard Time),Architect,Ms.
7570,4133468,Sat Nov 23 2024 08:02:34 GMT-0400 (Atlantic Standard Time),Architect,Mr.
7993,62104467,Sat Nov 23 2024 11:17:17 GMT-0400 (Atlantic Standard Time),Consultant,Mr.
8577,25062369,Sat Nov 23 2024 14:59:42 GMT-0400 (Atlantic Standard Time),Manager,Mrs.
7415,43686102,Sat Nov 23 2024 18:44:50 GMT-0400 (Atlantic Standard Time),Designer,Ms.
7779,98360418,Sat Nov 23 2024 02:14:55 GMT-0400 (Atlantic Standard Time),Facilitator,Mr.
8432,10075519,Sat Nov 23 2024 23:26:32 GMT-0400 (Atlantic Standard Time),Officer,Mr.
6871,75298587,Sat Nov 23 2024 23:50:29 GMT-0400 (Atlantic Standard Time),Producer,Mrs.
4142,39533737,Sat Nov 23 2024 21:12:20 GMT-0400 (Atlantic Standard Time),Officer,Dr.
578,95101108,Sat Nov 23 2024 04:10:23 GMT-0400 (Atlantic Standard Time),Planner,Miss
390,25139183,Sat Nov 23 2024 11:31:19 GMT-0400 (Atlantic Standard Time),Engineer,Miss
1843,65215215,Sat Nov 23 2024 02:23:01 GMT-0400 (Atlantic Standard Time),Liaison,Mr.
6411,76883414,Sat Nov 23 2024 18:26:19 GMT-0400 (Atlantic Standard Time),Facilitator,Mr.
6987,56129948,Sat Nov 23 2024 19:55:01 GMT-0400 (Atlantic Standard Time),Associate,Mrs.
6311,22310595,Sat Nov 23 2024 07:23:57 GMT-0400 (Atlantic Standard Time),Director,Dr.
6126,43947007,Sat Nov 23 2024 15:51:51 GMT-0400 (Atlantic Standard Time),Facilitator,Ms.
6148,89179779,Sun Nov 24 2024 00:09:13 GMT-0400 (Atlantic Standard Time),Coordinator,Mrs.
1060,21452959,Sat Nov 23 2024 01:43:06 GMT-0400 (Atlantic Standard Time),Associate,Dr.
4418,40092546,Sat Nov 23 2024 02:05:26 GMT-0400 (Atlantic Standard Time),Analyst,Mrs.
2403,74011925,Sat Nov 23 2024 01:53:07 GMT-0400 (Atlantic Standard Time),Designer,Mrs.
9983,50129682,Sat Nov 23 2024 17:54:31 GMT-0400 (Atlantic Standard Time),Designer,Ms.
126,53962215,Sat Nov 23 2024 13:33:54 GMT-0400 (Atlantic Standard Time),Analyst,Ms.
4740,68293616,Sat Nov 23 2024 13:29:06 GMT-0400 (Atlantic Standard Time),Engineer,Miss
2692,71349960,Sat Nov 23 2024 07:03:46 GMT-0400 (Atlantic Standard Time),Technician,Dr.
3524,14151438,Sat Nov 23 2024 21:53:00 GMT-0400 (Atlantic Standard Time),Strategist,Mrs.
4301,85963479,Sat Nov 23 2024 11:48:44 GMT-0400 (Atlantic Standard Time),Executive,Ms.
7509,60243280,Sat Nov 23 2024 15:17:22 GMT-0400 (Atlantic Standard Time),Officer,Miss
7919,46268584,Sat Nov 23 2024 03:30:24 GMT-0400 (Atlantic Standard Time),Analyst,Dr.
2846,86447846,Sat Nov 23 2024 15:59:54 GMT-0400 (Atlantic Standard Time),Analyst,Ms.
5360,63279862,Sat Nov 23 2024 12:07:51 GMT-0400 (Atlantic Standard Time),Developer,Mr.
1264,93020567,Sat Nov 23 2024 13:17:55 GMT-0400 (Atlantic Standard Time),Developer,Miss
464,7434657,Sat Nov 23 2024 02:37:28 GMT-0400 (Atlantic Standard Time),Developer,Miss
1991,17102258,Sun Nov 24 2024 00:23:23 GMT-0400 (Atlantic Standard Time),Analyst,Mr.
6448,43366376,Sat Nov 23 2024 02:55:03 GMT-0400 (Atlantic Standard Time),Technician,Mr.
3691,49290491,Sat Nov 23 2024 20:03:27 GMT-0400 (Atlantic Standard Time),Technician,Dr.
5969,1110817,Sat Nov 23 2024 11:39:21 GMT-0400 (Atlantic Standard Time),Administrator,Ms.
8842,16109814,Sun Nov 24 2024 00:08:22 GMT-0400 (Atlantic Standard Time),Planner,Mrs.
2538,80806626,Sat Nov 23 2024 01:28:27 GMT-0400 (Atlantic Standard Time),Developer,Miss
4042,49509576,Sat Nov 23 2024 11:24:37 GMT-0400 (Atlantic Standard Time),Planner,Dr.
7965,2595613,Sat Nov 23 2024 19:04:48 GMT-0400 (Atlantic Standard Time),Analyst,Ms.
9458,83776828,Sat Nov 23 2024 12:24:02 GMT-0400 (Atlantic Standard Time),Agent,Miss
2321,61409554,Sat Nov 23 2024 02:16:14 GMT-0400 (Atlantic Standard Time),Agent,Miss
9311,62288622,Sat Nov 23 2024 09:33:53 GMT-0400 (Atlantic Standard Time),Officer,Mr.
2093,25825309,Sat Nov 23 2024 05:35:43 GMT-0400 (Atlantic Standard Time),Orchestrator,Ms.
1842,48263385,Sat Nov 23 2024 16:22:32 GMT-0400 (Atlantic Standard Time),Engineer,Miss
7606,92311067,Sat Nov 23 2024 05:07:46 GMT-0400 (Atlantic Standard Time),Analyst,Ms.
5471,79771548,Sat Nov 23 2024 12:40:00 GMT-0400 (Atlantic Standard Time),Officer,Dr.
6485,54176796,Sat Nov 23 2024 01:41:19 GMT-0400 (Atlantic Standard Time),Producer,Mr.
699,7605681,Sat Nov 23 2024 21:05:47 GMT-0400 (Atlantic Standard Time),Strategist,Mr.
391,2690154,Sat Nov 23 2024 18:44:18 GMT-0400 (Atlantic Standard Time),Orchestrator,Miss
6324,19912995,Sat Nov 23 2024 08:45:51 GMT-0400 (Atlantic Standard Time),Designer,Mr.
2961,3286690,Sat Nov 23 2024 21:41:36 GMT-0400 (Atlantic Standard Time),Liaison,Miss
8050,35003926,Sat Nov 23 2024 15:20:55 GMT-0400 (Atlantic Standard Time),Facilitator,Dr.
6286,76222727,Sat Nov 23 2024 07:19:32 GMT-0400 (Atlantic Standard Time),Supervisor,Mrs.
5089,36747308,Sat Nov 23 2024 20:48:33 GMT-0400 (Atlantic Standard Time),Facilitator,Dr.
4339,12438008,Sat Nov 23 2024 04:06:05 GMT-0400 (Atlantic Standard Time),Producer,Mr.
763,81221983,Sat Nov 23 2024 06:41:00 GMT-0400 (Atlantic Standard Time),Agent,Mr.
1182,42057169,Sun Nov 24 2024 00:06:33 GMT-0400 (Atlantic Standard Time),Technician,Ms.
7629,28663679,Sat Nov 23 2024 02:24:35 GMT-0400 (Atlantic Standard Time),Designer,Dr.
2011,29560753,Sat Nov 23 2024 03:52:58 GMT-0400 (Atlantic Standard Time),Associate,Dr.
7890,80472089,Sat Nov 23 2024 21:16:45 GMT-0400 (Atlantic Standard Time),Facilitator,Dr.
8699,57972744,Sat Nov 23 2024 04:36:10 GMT-0400 (Atlantic Standard Time),Agent,Miss
8896,94229119,Sat Nov 23 2024 09:27:44 GMT-0400 (Atlantic Standard Time),Executive,Ms.
4232,85047382,Sat Nov 23 2024 05:47:42 GMT-0400 (Atlantic Standard Time),Facilitator,Mr.
1867,10390216,Sat Nov 23 2024 12:13:41 GMT-0400 (Atlantic Standard Time),Associate,Ms.
7458,5662141,Sat Nov 23 2024 02:37:25 GMT-0400 (Atlantic Standard Time),Strategist,Dr.
3168,49317699,Sun Nov 24 2024 00:37:10 GMT-0400 (Atlantic Standard Time),Orchestrator,Mr.
3902,62665220,Sat Nov 23 2024 15:59:44 GMT-0400 (Atlantic Standard Time),Architect,Ms.
7676,68990876,Sat Nov 23 2024 02:33:53 GMT-0400 (Atlantic Standard Time),Liaison,Dr.
7534,40692818,Sat Nov 23 2024 13:17:08 GMT-0400 (Atlantic Standard Time),Executive,Miss
7644,64900236,Sat Nov 23 2024 11:44:00 GMT-0400 (Atlantic Standard Time),Specialist,Miss
8506,49800157,Sun Nov 24 2024 00:30:59 GMT-0400 (Atlantic Standard Time),Coordinator,Mrs.
1790,4310932,Sat Nov 23 2024 03:39:23 GMT-0400 (Atlantic Standard Time),Facilitator,Mr.
2084,24459376,Sat Nov 23 2024 13:15:17 GMT-0400 (Atlantic Standard Time),Supervisor,Mrs.
3131,21598142,Sat Nov 23 2024 21:09:47 GMT-0400 (Atlantic Standard Time),Technician,Mr.
6691,99664460,Sat Nov 23 2024 13:29:01 GMT-0400 (Atlantic Standard Time),Assistant,Ms.
6788,49024296,Sun Nov 24 2024 00:43:21 GMT-0400 (Atlantic Standard Time),Assistant,Mrs.
6527,90822890,Sat Nov 23 2024 14:26:43 GMT-0400 (Atlantic Standard Time),Officer,Ms.
6463,82069684,Sat Nov 23 2024 02:02:11 GMT-0400 (Atlantic Standard Time),Coordinator,Mrs.
3460,96352613,Sat Nov 23 2024 11:16:53 GMT-0400 (Atlantic Standard Time),Developer,Ms.
7040,60434762,Sat Nov 23 2024 05:35:50 GMT-0400 (Atlantic Standard Time),Orchestrator,Mr.
267,39784497,Sat Nov 23 2024 07:16:47 GMT-0400 (Atlantic Standard Time),Supervisor,Mr.
854,69583655,Sat Nov 23 2024 18:11:01 GMT-0400 (Atlantic Standard Time),Liaison,Ms.
7783,64290485,Sat Nov 23 2024 18:16:35 GMT-0400 (Atlantic Standard Time),Liaison,Ms.
1390,3514543,Sat Nov 23 2024 07:18:45 GMT-0400 (Atlantic Standard Time),Facilitator,Miss
1340,37548956,Sat Nov 23 2024 18:23:35 GMT-0400 (Atlantic Standard Time),Officer,Ms.
5638,9000590,Sun Nov 24 2024 01:04:19 GMT-0400 (Atlantic Standard Time),Coordinator,Ms.
3564,85118305,Sat Nov 23 2024 04:35:52 GMT-0400 (Atlantic Standard Time),Facilitator,Mrs.
1195,85407575,Sat Nov 23 2024 20:53:46 GMT-0400 (Atlantic Standard Time),Orchestrator,Miss
799,33109645,Sat Nov 23 2024 19:56:12 GMT-0400 (Atlantic Standard Time),Producer,Mr.
9783,92600095,Sat Nov 23 2024 21:31:07 GMT-0400 (Atlantic Standard Time),Developer,Mr.
3689,12915280,Sat Nov 23 2024 03:54:14 GMT-0400 (Atlantic Standard Time),Designer,Mrs.
7528,50784,Sat Nov 23 2024 11:22:34 GMT-0400 (Atlantic Standard Time),Administrator,Miss
9252,8744812,Sat Nov 23 2024 20:58:32 GMT-0400 (Atlantic Standard Time),Engineer,Mrs.
7226,40827123,Sat Nov 23 2024 03:35:17 GMT-0400 (Atlantic Standard Time),Assistant,Miss
3613,10418701,Sat Nov 23 2024 22:30:16 GMT-0400 (Atlantic Standard Time),Liaison,Ms.
8635,20997323,Sat Nov 23 2024 07:27:37 GMT-0400 (Atlantic Standard Time),Executive,Miss
1347,56534997,Sat Nov 23 2024 05:08:51 GMT-0400 (Atlantic Standard Time),Producer,Miss
9450,99707607,Sat Nov 23 2024 20:35:38 GMT-0400 (Atlantic Standard Time),Coordinator,Dr.
843,39477003,Sun Nov 24 2024 00:28:36 GMT-0400 (Atlantic Standard Time),Coordinator,Mr.
4829,22824913,Sat Nov 23 2024 03:41:58 GMT-0400 (Atlantic Standard Time),Executive,Ms.
2164,67019106,Sat Nov 23 2024 12:00:03 GMT-0400 (Atlantic Standard Time),Orchestrator,Ms.
1436,11434681,Sun Nov 24 2024 00:32:54 GMT-0400 (Atlantic Standard Time),Officer,Dr.
4883,13186903,Sat Nov 23 2024 12:26:47 GMT-0400 (Atlantic Standard Time),Technician,Mrs.
3748,43352285,Sat Nov 23 2024 06:53:07 GMT-0400 (Atlantic Standard Time),Analyst,Dr.
829,52437990,Sat Nov 23 2024 11:33:42 GMT-0400 (Atlantic Standard Time),Associate,Dr.
534,7757199,Sat Nov 23 2024 12:35:28 GMT-0400 (Atlantic Standard Time),Executive,Ms.
4293,49240127,Sat Nov 23 2024 04:01:52 GMT-0400 (Atlantic Standard Time),Administrator,Ms.
4,56082099,Sat Nov 23 2024 15:00:29 GMT-0400 (Atlantic Standard Time),Developer,Mrs.
6336,60613174,Sat Nov 23 2024 18:24:36 GMT-0400 (Atlantic Standard Time),Facilitator,Mrs.
7839,53450025,Sat Nov 23 2024 01:23:37 GMT-0400 (Atlantic Standard Time),Engineer,Miss
3611,73744101,Sat Nov 23 2024 05:01:57 GMT-0400 (Atlantic Standard Time),Consultant,Mr.
5986,42319153,Sat Nov 23 2024 14:44:41 GMT-0400 (Atlantic Standard Time),Supervisor,Miss
5531,10865525,Sat Nov 23 2024 10:09:36 GMT-0400 (Atlantic Standard Time),Developer,Mr.
3998,76377462,Sat Nov 23 2024 06:18:13 GMT-0400 (Atlantic Standard Time),Developer,Dr.
